start_time,away_team,away_team_score,home_team,home_team_score
2003-10-29 00:00:00+00:00,MIAMI HEAT,74,PHILADELPHIA 76ERS,89
2003-10-29 01:00:00+00:00,PHOENIX SUNS,82,SAN ANTONIO SPURS,83
2003-10-29 03:30:00+00:00,DALLAS MAVERICKS,93,LOS ANGELES LAKERS,109
2003-10-30 00:00:00+00:00,MIAMI HEAT,75,BOSTON CELTICS,98
2003-10-30 01:00:00+00:00,INDIANA PACERS,89,DETROIT PISTONS,87
2003-10-30 01:00:00+00:00,NEW JERSEY NETS,87,TORONTO RAPTORS,90
2003-10-30 01:00:00+00:00,MILWAUKEE BUCKS,89,MINNESOTA TIMBERWOLVES,95
2003-10-30 01:00:00+00:00,ATLANTA HAWKS,83,NEW ORLEANS HORNETS,88
2003-10-30 01:00:00+00:00,ORLANDO MAGIC,85,NEW YORK KNICKS,83
2003-10-30 01:30:00+00:00,WASHINGTON WIZARDS,99,CHICAGO BULLS,74
2003-10-30 02:00:00+00:00,PORTLAND TRAIL BLAZERS,92,UTAH JAZZ,99
2003-10-30 02:00:00+00:00,SAN ANTONIO SPURS,72,DENVER NUGGETS,80
2003-10-30 03:30:00+00:00,CLEVELAND CAVALIERS,92,SACRAMENTO KINGS,106
2003-10-30 03:30:00+00:00,DALLAS MAVERICKS,95,GOLDEN STATE WARRIORS,87
2003-10-30 10:30:00+00:00,LOS ANGELES CLIPPERS,100,SEATTLE SUPERSONICS,109
2003-10-31 00:00:00+00:00,NEW ORLEANS HORNETS,100,ORLANDO MAGIC,98
2003-10-31 01:00:00+00:00,DENVER NUGGETS,85,HOUSTON ROCKETS,102
2003-10-31 03:30:00+00:00,CLEVELAND CAVALIERS,86,PHOENIX SUNS,95
2003-11-01 00:00:00+00:00,WASHINGTON WIZARDS,79,TORONTO RAPTORS,82
2003-11-01 00:30:00+00:00,MILWAUKEE BUCKS,93,INDIANA PACERS,79
2003-11-01 00:30:00+00:00,DETROIT PISTONS,93,MIAMI HEAT,81
2003-11-01 01:00:00+00:00,BOSTON CELTICS,93,MEMPHIS GRIZZLIES,91
2003-11-01 01:00:00+00:00,MINNESOTA TIMBERWOLVES,61,NEW JERSEY NETS,84
2003-11-01 01:30:00+00:00,ATLANTA HAWKS,94,CHICAGO BULLS,100
2003-11-01 03:00:00+00:00,SEATTLE SUPERSONICS,124,LOS ANGELES CLIPPERS,105
2003-11-01 03:30:00+00:00,PHILADELPHIA 76ERS,89,SACRAMENTO KINGS,100
2003-11-02 00:00:00+00:00,INDIANA PACERS,103,ATLANTA HAWKS,99
2003-11-02 00:00:00+00:00,DETROIT PISTONS,96,ORLANDO MAGIC,85
2003-11-02 00:00:00+00:00,NEW JERSEY NETS,98,WASHINGTON WIZARDS,85
2003-11-02 01:00:00+00:00,TORONTO RAPTORS,56,MINNESOTA TIMBERWOLVES,73
2003-11-02 01:00:00+00:00,BOSTON CELTICS,90,NEW ORLEANS HORNETS,97
2003-11-02 01:30:00+00:00,UTAH JAZZ,102,DALLAS MAVERICKS,127
2003-11-02 01:30:00+00:00,MEMPHIS GRIZZLIES,79,HOUSTON ROCKETS,71
2003-11-02 01:30:00+00:00,CHICAGO BULLS,68,MILWAUKEE BUCKS,98
2003-11-02 01:30:00+00:00,NEW YORK KNICKS,74,SAN ANTONIO SPURS,86
2003-11-02 02:00:00+00:00,SACRAMENTO KINGS,88,DENVER NUGGETS,109
2003-11-02 02:00:00+00:00,LOS ANGELES LAKERS,103,PHOENIX SUNS,99
2003-11-02 03:00:00+00:00,CLEVELAND CAVALIERS,85,PORTLAND TRAIL BLAZERS,104
2003-11-02 03:30:00+00:00,PHILADELPHIA 76ERS,90,GOLDEN STATE WARRIORS,104
2003-11-03 02:30:00+00:00,GOLDEN STATE WARRIORS,72,LOS ANGELES LAKERS,87
2003-11-04 00:00:00+00:00,NEW YORK KNICKS,75,ORLANDO MAGIC,68
2003-11-04 00:30:00+00:00,NEW ORLEANS HORNETS,80,ATLANTA HAWKS,90
2003-11-04 01:00:00+00:00,SAN ANTONIO SPURS,80,MEMPHIS GRIZZLIES,88
2003-11-04 01:30:00+00:00,HOUSTON ROCKETS,98,CHICAGO BULLS,66
2003-11-04 01:30:00+00:00,MIAMI HEAT,93,DALLAS MAVERICKS,103
2003-11-04 02:00:00+00:00,MINNESOTA TIMBERWOLVES,88,UTAH JAZZ,93
2003-11-04 03:00:00+00:00,PHILADELPHIA 76ERS,94,PORTLAND TRAIL BLAZERS,83
2003-11-05 00:00:00+00:00,DENVER NUGGETS,60,INDIANA PACERS,71
2003-11-05 00:30:00+00:00,HOUSTON ROCKETS,86,NEW JERSEY NETS,75
2003-11-05 01:00:00+00:00,LOS ANGELES LAKERS,113,MILWAUKEE BUCKS,107
2003-11-05 01:30:00+00:00,MIAMI HEAT,73,SAN ANTONIO SPURS,80
2003-11-06 00:00:00+00:00,CHICAGO BULLS,106,ORLANDO MAGIC,100
2003-11-06 00:00:00+00:00,NEW ORLEANS HORNETS,106,PHILADELPHIA 76ERS,99
2003-11-06 00:00:00+00:00,DALLAS MAVERICKS,90,WASHINGTON WIZARDS,100
2003-11-06 00:30:00+00:00,BOSTON CELTICS,88,DETROIT PISTONS,96
2003-11-06 00:30:00+00:00,MILWAUKEE BUCKS,106,NEW YORK KNICKS,90
2003-11-06 01:00:00+00:00,DENVER NUGGETS,93,CLEVELAND CAVALIERS,89
2003-11-06 01:00:00+00:00,SACRAMENTO KINGS,125,MINNESOTA TIMBERWOLVES,121
2003-11-06 02:00:00+00:00,PHOENIX SUNS,80,UTAH JAZZ,91
2003-11-06 03:30:00+00:00,ATLANTA HAWKS,72,GOLDEN STATE WARRIORS,99
2003-11-06 03:30:00+00:00,MEMPHIS GRIZZLIES,87,PORTLAND TRAIL BLAZERS,93
2003-11-07 00:00:00+00:00,INDIANA PACERS,87,NEW JERSEY NETS,81
2003-11-07 01:00:00+00:00,DALLAS MAVERICKS,71,TORONTO RAPTORS,77
2003-11-07 02:30:00+00:00,LOS ANGELES LAKERS,120,SAN ANTONIO SPURS,117
2003-11-08 00:00:00+00:00,TORONTO RAPTORS,60,WASHINGTON WIZARDS,86
2003-11-08 00:30:00+00:00,NEW JERSEY NETS,94,BOSTON CELTICS,87
2003-11-08 00:30:00+00:00,CLEVELAND CAVALIERS,90,INDIANA PACERS,91
2003-11-08 00:30:00+00:00,SACRAMENTO KINGS,111,NEW YORK KNICKS,114
2003-11-08 01:00:00+00:00,MILWAUKEE BUCKS,99,DETROIT PISTONS,105
2003-11-08 01:00:00+00:00,LOS ANGELES LAKERS,95,NEW ORLEANS HORNETS,114
2003-11-08 01:00:00+00:00,MINNESOTA TIMBERWOLVES,100,ORLANDO MAGIC,71
2003-11-08 01:30:00+00:00,PHILADELPHIA 76ERS,106,CHICAGO BULLS,85
2003-11-08 02:00:00+00:00,LOS ANGELES CLIPPERS,104,DENVER NUGGETS,102
2003-11-08 02:00:00+00:00,MEMPHIS GRIZZLIES,88,PHOENIX SUNS,96
2003-11-08 03:30:00+00:00,UTAH JAZZ,89,GOLDEN STATE WARRIORS,95
2003-11-08 03:30:00+00:00,PORTLAND TRAIL BLAZERS,82,SEATTLE SUPERSONICS,100
2003-11-09 00:30:00+00:00,WASHINGTON WIZARDS,98,CLEVELAND CAVALIERS,111
2003-11-09 00:30:00+00:00,MINNESOTA TIMBERWOLVES,88,MIAMI HEAT,79
2003-11-09 01:00:00+00:00,CHICAGO BULLS,109,NEW ORLEANS HORNETS,106
2003-11-09 01:30:00+00:00,ORLANDO MAGIC,86,HOUSTON ROCKETS,96
2003-11-09 01:30:00+00:00,NEW YORK KNICKS,87,MILWAUKEE BUCKS,90
2003-11-09 01:30:00+00:00,DALLAS MAVERICKS,81,SAN ANTONIO SPURS,78
2003-11-09 02:00:00+00:00,MEMPHIS GRIZZLIES,89,UTAH JAZZ,96
2003-11-09 03:00:00+00:00,ATLANTA HAWKS,83,PORTLAND TRAIL BLAZERS,90
2003-11-09 17:30:00+00:00,DENVER NUGGETS,76,TORONTO RAPTORS,89
2003-11-09 23:00:00+00:00,SACRAMENTO KINGS,82,BOSTON CELTICS,91
2003-11-09 23:00:00+00:00,NEW JERSEY NETS,84,DETROIT PISTONS,98
2003-11-09 23:00:00+00:00,INDIANA PACERS,85,PHILADELPHIA 76ERS,74
2003-11-10 02:00:00+00:00,ATLANTA HAWKS,91,SEATTLE SUPERSONICS,81
2003-11-11 00:00:00+00:00,NEW YORK KNICKS,80,CLEVELAND CAVALIERS,94
2003-11-11 01:00:00+00:00,LOS ANGELES LAKERS,95,MEMPHIS GRIZZLIES,105
2003-11-11 01:00:00+00:00,UTAH JAZZ,78,SAN ANTONIO SPURS,87
2003-11-11 01:30:00+00:00,DENVER NUGGETS,105,CHICAGO BULLS,97
2003-11-11 03:30:00+00:00,PHOENIX SUNS,99,GOLDEN STATE WARRIORS,96
2003-11-12 00:00:00+00:00,BOSTON CELTICS,78,INDIANA PACERS,76
2003-11-12 00:00:00+00:00,PHILADELPHIA 76ERS,112,WASHINGTON WIZARDS,105
2003-11-12 01:00:00+00:00,SEATTLE SUPERSONICS,89,MINNESOTA TIMBERWOLVES,87
2003-11-12 01:30:00+00:00,NEW ORLEANS HORNETS,97,DALLAS MAVERICKS,125
2003-11-12 01:30:00+00:00,MIAMI HEAT,70,HOUSTON ROCKETS,90
2003-11-12 03:00:00+00:00,TORONTO RAPTORS,80,PORTLAND TRAIL BLAZERS,83
2003-11-12 03:00:00+00:00,DETROIT PISTONS,91,SACRAMENTO KINGS,97
2003-11-12 03:30:00+00:00,ATLANTA HAWKS,103,LOS ANGELES CLIPPERS,115
2003-11-13 00:00:00+00:00,CHICAGO BULLS,89,BOSTON CELTICS,82
2003-11-13 00:00:00+00:00,SAN ANTONIO SPURS,85,NEW JERSEY NETS,71
2003-11-13 00:00:00+00:00,MEMPHIS GRIZZLIES,107,ORLANDO MAGIC,97
2003-11-13 00:30:00+00:00,CLEVELAND CAVALIERS,83,MIAMI HEAT,88
2003-11-13 01:00:00+00:00,SEATTLE SUPERSONICS,104,MILWAUKEE BUCKS,99
2003-11-13 01:00:00+00:00,UTAH JAZZ,89,NEW ORLEANS HORNETS,96
2003-11-13 02:00:00+00:00,ATLANTA HAWKS,99,PHOENIX SUNS,94
2003-11-13 02:30:00+00:00,DETROIT PISTONS,85,GOLDEN STATE WARRIORS,87
2003-11-13 03:30:00+00:00,TORONTO RAPTORS,79,LOS ANGELES LAKERS,94
2003-11-14 00:30:00+00:00,HOUSTON ROCKETS,86,DALLAS MAVERICKS,97
2003-11-14 01:30:00+00:00,MINNESOTA TIMBERWOLVES,92,CHICAGO BULLS,89
2003-11-14 03:00:00+00:00,SACRAMENTO KINGS,110,PORTLAND TRAIL BLAZERS,112
2003-11-15 00:30:00+00:00,CLEVELAND CAVALIERS,82,BOSTON CELTICS,91
2003-11-15 00:30:00+00:00,SEATTLE SUPERSONICS,78,INDIANA PACERS,101
2003-11-15 00:30:00+00:00,WASHINGTON WIZARDS,101,MIAMI HEAT,105
2003-11-15 00:30:00+00:00,NEW YORK KNICKS,80,NEW JERSEY NETS,85
2003-11-15 01:00:00+00:00,UTAH JAZZ,85,MINNESOTA TIMBERWOLVES,77
2003-11-15 01:00:00+00:00,SAN ANTONIO SPURS,96,PHILADELPHIA 76ERS,100
2003-11-15 01:30:00+00:00,PHOENIX SUNS,85,HOUSTON ROCKETS,90
2003-11-15 03:00:00+00:00,TORONTO RAPTORS,64,SACRAMENTO KINGS,94
2003-11-15 03:30:00+00:00,ORLANDO MAGIC,101,DENVER NUGGETS,106
2003-11-15 03:30:00+00:00,LOS ANGELES CLIPPERS,104,GOLDEN STATE WARRIORS,98
2003-11-15 03:30:00+00:00,DETROIT PISTONS,89,LOS ANGELES LAKERS,94
2003-11-16 00:00:00+00:00,NEW JERSEY NETS,100,ATLANTA HAWKS,85
2003-11-16 00:00:00+00:00,SAN ANTONIO SPURS,95,WASHINGTON WIZARDS,71
2003-11-16 00:30:00+00:00,PHILADELPHIA 76ERS,88,CLEVELAND CAVALIERS,91
2003-11-16 00:30:00+00:00,INDIANA PACERS,95,NEW YORK KNICKS,94
2003-11-16 01:00:00+00:00,DALLAS MAVERICKS,101,MEMPHIS GRIZZLIES,108
2003-11-16 01:00:00+00:00,PORTLAND TRAIL BLAZERS,79,NEW ORLEANS HORNETS,101
2003-11-16 01:30:00+00:00,SEATTLE SUPERSONICS,98,CHICAGO BULLS,90
2003-11-16 01:30:00+00:00,UTAH JAZZ,95,MILWAUKEE BUCKS,100
2003-11-16 02:00:00+00:00,DETROIT PISTONS,100,PHOENIX SUNS,91
2003-11-16 03:30:00+00:00,ORLANDO MAGIC,92,LOS ANGELES CLIPPERS,95
2003-11-16 18:00:00+00:00,HOUSTON ROCKETS,97,TORONTO RAPTORS,101
2003-11-17 00:00:00+00:00,GOLDEN STATE WARRIORS,104,SACRAMENTO KINGS,106
2003-11-17 02:30:00+00:00,MIAMI HEAT,77,LOS ANGELES LAKERS,99
2003-11-18 00:00:00+00:00,HOUSTON ROCKETS,74,PHILADELPHIA 76ERS,66
2003-11-18 00:30:00+00:00,WASHINGTON WIZARDS,106,ATLANTA HAWKS,97
2003-11-18 00:30:00+00:00,BOSTON CELTICS,86,NEW YORK KNICKS,89
2003-11-18 01:30:00+00:00,PORTLAND TRAIL BLAZERS,98,DALLAS MAVERICKS,105
2003-11-18 02:00:00+00:00,ORLANDO MAGIC,88,UTAH JAZZ,90
2003-11-19 00:00:00+00:00,LOS ANGELES CLIPPERS,95,CLEVELAND CAVALIERS,103
2003-11-19 00:30:00+00:00,LOS ANGELES LAKERS,96,DETROIT PISTONS,106
2003-11-19 00:30:00+00:00,NEW ORLEANS HORNETS,88,NEW JERSEY NETS,85
2003-11-19 01:00:00+00:00,ATLANTA HAWKS,101,MILWAUKEE BUCKS,93
2003-11-19 01:00:00+00:00,DENVER NUGGETS,76,MINNESOTA TIMBERWOLVES,89
2003-11-19 01:30:00+00:00,GOLDEN STATE WARRIORS,81,SAN ANTONIO SPURS,94
2003-11-19 02:00:00+00:00,CHICAGO BULLS,82,PHOENIX SUNS,95
2003-11-19 03:00:00+00:00,MIAMI HEAT,105,SEATTLE SUPERSONICS,98
2003-11-20 00:00:00+00:00,NEW ORLEANS HORNETS,81,BOSTON CELTICS,73
2003-11-20 00:00:00+00:00,LOS ANGELES CLIPPERS,78,INDIANA PACERS,91
2003-11-20 00:00:00+00:00,PHILADELPHIA 76ERS,81,TORONTO RAPTORS,75
2003-11-20 00:00:00+00:00,CLEVELAND CAVALIERS,95,WASHINGTON WIZARDS,106
2003-11-20 00:30:00+00:00,LOS ANGELES LAKERS,104,NEW YORK KNICKS,83
2003-11-20 01:30:00+00:00,GOLDEN STATE WARRIORS,83,HOUSTON ROCKETS,85
2003-11-20 02:00:00+00:00,MILWAUKEE BUCKS,86,DENVER NUGGETS,94
2003-11-20 02:00:00+00:00,DETROIT PISTONS,99,MEMPHIS GRIZZLIES,92
2003-11-20 02:00:00+00:00,SACRAMENTO KINGS,118,UTAH JAZZ,110
2003-11-20 03:00:00+00:00,MIAMI HEAT,93,PORTLAND TRAIL BLAZERS,94
2003-11-21 00:30:00+00:00,SAN ANTONIO SPURS,92,DALLAS MAVERICKS,95
2003-11-21 03:00:00+00:00,ORLANDO MAGIC,89,PHOENIX SUNS,96
2003-11-22 00:00:00+00:00,BOSTON CELTICS,85,PHILADELPHIA 76ERS,87
2003-11-22 01:00:00+00:00,MINNESOTA TIMBERWOLVES,97,CLEVELAND CAVALIERS,83
2003-11-22 01:00:00+00:00,NEW YORK KNICKS,85,DETROIT PISTONS,94
2003-11-22 01:00:00+00:00,INDIANA PACERS,76,NEW ORLEANS HORNETS,75
2003-11-22 01:30:00+00:00,ATLANTA HAWKS,75,SAN ANTONIO SPURS,114
2003-11-22 02:00:00+00:00,WASHINGTON WIZARDS,87,DENVER NUGGETS,108
2003-11-22 02:00:00+00:00,MILWAUKEE BUCKS,90,UTAH JAZZ,99
2003-11-22 03:00:00+00:00,ORLANDO MAGIC,92,SACRAMENTO KINGS,122
2003-11-22 03:30:00+00:00,MIAMI HEAT,91,GOLDEN STATE WARRIORS,101
2003-11-22 03:30:00+00:00,CHICAGO BULLS,94,LOS ANGELES LAKERS,101
2003-11-22 03:30:00+00:00,HOUSTON ROCKETS,78,PORTLAND TRAIL BLAZERS,85
2003-11-22 03:30:00+00:00,MEMPHIS GRIZZLIES,98,SEATTLE SUPERSONICS,97
2003-11-22 18:00:00+00:00,TORONTO RAPTORS,81,NEW JERSEY NETS,80
2003-11-23 00:00:00+00:00,CLEVELAND CAVALIERS,83,ATLANTA HAWKS,92
2003-11-23 00:30:00+00:00,PHILADELPHIA 76ERS,88,NEW YORK KNICKS,99
2003-11-23 01:00:00+00:00,LOS ANGELES CLIPPERS,91,MINNESOTA TIMBERWOLVES,103
2003-11-23 01:30:00+00:00,DENVER NUGGETS,101,DALLAS MAVERICKS,115
2003-11-23 02:00:00+00:00,MIAMI HEAT,98,PHOENIX SUNS,100
2003-11-23 18:00:00+00:00,MILWAUKEE BUCKS,82,TORONTO RAPTORS,62
2003-11-23 23:00:00+00:00,NEW ORLEANS HORNETS,81,DETROIT PISTONS,80
2003-11-24 01:00:00+00:00,CHICAGO BULLS,99,SACRAMENTO KINGS,110
2003-11-24 02:00:00+00:00,PORTLAND TRAIL BLAZERS,72,GOLDEN STATE WARRIORS,78
2003-11-24 02:00:00+00:00,WASHINGTON WIZARDS,85,SEATTLE SUPERSONICS,88
2003-11-24 02:30:00+00:00,MEMPHIS GRIZZLIES,89,LOS ANGELES LAKERS,121
2003-11-25 00:00:00+00:00,NEW YORK KNICKS,94,BOSTON CELTICS,88
2003-11-25 00:00:00+00:00,INDIANA PACERS,89,ORLANDO MAGIC,78
2003-11-25 00:30:00+00:00,DETROIT PISTONS,94,ATLANTA HAWKS,89
2003-11-25 03:30:00+00:00,HOUSTON ROCKETS,105,LOS ANGELES CLIPPERS,90
2003-11-26 00:00:00+00:00,MINNESOTA TIMBERWOLVES,75,INDIANA PACERS,98
2003-11-26 00:30:00+00:00,NEW ORLEANS HORNETS,87,MIAMI HEAT,91
2003-11-26 01:00:00+00:00,PHILADELPHIA 76ERS,91,MILWAUKEE BUCKS,95
2003-11-26 01:30:00+00:00,CHICAGO BULLS,98,DALLAS MAVERICKS,124
2003-11-26 02:00:00+00:00,PHOENIX SUNS,80,DENVER NUGGETS,110
2003-11-26 03:00:00+00:00,WASHINGTON WIZARDS,81,PORTLAND TRAIL BLAZERS,80
2003-11-26 03:00:00+00:00,MEMPHIS GRIZZLIES,89,SACRAMENTO KINGS,109
2003-11-26 03:00:00+00:00,NEW JERSEY NETS,93,SEATTLE SUPERSONICS,70
2003-11-27 00:00:00+00:00,BOSTON CELTICS,94,ORLANDO MAGIC,92
2003-11-27 00:00:00+00:00,DETROIT PISTONS,86,PHILADELPHIA 76ERS,90
2003-11-27 00:30:00+00:00,TORONTO RAPTORS,99,ATLANTA HAWKS,97
2003-11-27 01:00:00+00:00,NEW YORK KNICKS,97,MINNESOTA TIMBERWOLVES,92
2003-11-27 01:00:00+00:00,CLEVELAND CAVALIERS,72,NEW ORLEANS HORNETS,82
2003-11-27 01:30:00+00:00,CHICAGO BULLS,98,SAN ANTONIO SPURS,109
2003-11-27 02:00:00+00:00,DALLAS MAVERICKS,90,PHOENIX SUNS,121
2003-11-27 02:00:00+00:00,HOUSTON ROCKETS,76,UTAH JAZZ,83
2003-11-27 03:30:00+00:00,WASHINGTON WIZARDS,99,LOS ANGELES LAKERS,120
2003-11-28 00:30:00+00:00,NEW YORK KNICKS,70,INDIANA PACERS,93
2003-11-28 03:00:00+00:00,NEW JERSEY NETS,102,LOS ANGELES CLIPPERS,96
2003-11-29 00:30:00+00:00,MIAMI HEAT,83,ATLANTA HAWKS,95
2003-11-29 00:30:00+00:00,MILWAUKEE BUCKS,96,BOSTON CELTICS,106
2003-11-29 01:00:00+00:00,CLEVELAND CAVALIERS,88,DETROIT PISTONS,92
2003-11-29 01:00:00+00:00,PHILADELPHIA 76ERS,77,INDIANA PACERS,90
2003-11-29 01:00:00+00:00,MINNESOTA TIMBERWOLVES,102,MEMPHIS GRIZZLIES,98
2003-11-29 01:00:00+00:00,TORONTO RAPTORS,87,ORLANDO MAGIC,86
2003-11-29 02:00:00+00:00,DALLAS MAVERICKS,103,DENVER NUGGETS,113
2003-11-29 02:00:00+00:00,GOLDEN STATE WARRIORS,92,PHOENIX SUNS,83
2003-11-29 02:00:00+00:00,SEATTLE SUPERSONICS,81,UTAH JAZZ,98
2003-11-29 03:00:00+00:00,NEW JERSEY NETS,93,PORTLAND TRAIL BLAZERS,97
2003-11-29 03:00:00+00:00,HOUSTON ROCKETS,74,SACRAMENTO KINGS,103
2003-11-29 03:30:00+00:00,SAN ANTONIO SPURS,87,LOS ANGELES LAKERS,103
2003-11-29 18:00:00+00:00,NEW ORLEANS HORNETS,74,NEW YORK KNICKS,79
2003-11-30 00:00:00+00:00,ATLANTA HAWKS,86,PHILADELPHIA 76ERS,98
2003-11-30 00:00:00+00:00,DETROIT PISTONS,80,WASHINGTON WIZARDS,69
2003-11-30 00:30:00+00:00,MEMPHIS GRIZZLIES,122,CLEVELAND CAVALIERS,115
2003-11-30 00:30:00+00:00,TORONTO RAPTORS,66,MIAMI HEAT,78
2003-11-30 01:30:00+00:00,MINNESOTA TIMBERWOLVES,88,DALLAS MAVERICKS,92
2003-11-30 02:00:00+00:00,BOSTON CELTICS,94,MILWAUKEE BUCKS,100
2003-11-30 03:00:00+00:00,HOUSTON ROCKETS,88,SEATTLE SUPERSONICS,95
2003-11-30 03:30:00+00:00,SAN ANTONIO SPURS,89,GOLDEN STATE WARRIORS,91
2003-11-30 03:30:00+00:00,DENVER NUGGETS,98,LOS ANGELES CLIPPERS,86
2003-12-01 02:00:00+00:00,NEW JERSEY NETS,92,SACRAMENTO KINGS,105
2003-12-01 02:30:00+00:00,INDIANA PACERS,77,LOS ANGELES LAKERS,99
2003-12-02 00:00:00+00:00,MEMPHIS GRIZZLIES,96,BOSTON CELTICS,89
2003-12-02 00:30:00+00:00,DETROIT PISTONS,79,NEW YORK KNICKS,78
2003-12-02 01:30:00+00:00,MILWAUKEE BUCKS,87,CHICAGO BULLS,97
2003-12-02 02:00:00+00:00,INDIANA PACERS,89,PHOENIX SUNS,82
2003-12-02 02:00:00+00:00,NEW JERSEY NETS,84,UTAH JAZZ,91
2003-12-02 03:30:00+00:00,SAN ANTONIO SPURS,83,LOS ANGELES CLIPPERS,91
2003-12-03 00:00:00+00:00,NEW ORLEANS HORNETS,100,ORLANDO MAGIC,91
2003-12-03 00:00:00+00:00,TORONTO RAPTORS,95,PHILADELPHIA 76ERS,88
2003-12-03 00:30:00+00:00,MILWAUKEE BUCKS,106,ATLANTA HAWKS,94
2003-12-03 01:30:00+00:00,WASHINGTON WIZARDS,72,DALLAS MAVERICKS,97
2003-12-03 02:00:00+00:00,CLEVELAND CAVALIERS,103,DENVER NUGGETS,115
2003-12-04 00:00:00+00:00,BOSTON CELTICS,95,TORONTO RAPTORS,105
2003-12-04 00:30:00+00:00,MIAMI HEAT,73,DETROIT PISTONS,87
2003-12-04 00:30:00+00:00,MEMPHIS GRIZZLIES,96,NEW JERSEY NETS,93
2003-12-04 01:00:00+00:00,ORLANDO MAGIC,91,NEW ORLEANS HORNETS,106
2003-12-04 01:30:00+00:00,UTAH JAZZ,101,HOUSTON ROCKETS,107
2003-12-04 01:30:00+00:00,LOS ANGELES LAKERS,90,SAN ANTONIO SPURS,86
2003-12-04 02:00:00+00:00,MINNESOTA TIMBERWOLVES,92,PHOENIX SUNS,79
2003-12-04 03:00:00+00:00,INDIANA PACERS,95,PORTLAND TRAIL BLAZERS,97
2003-12-04 03:00:00+00:00,NEW YORK KNICKS,87,SEATTLE SUPERSONICS,95
2003-12-04 03:30:00+00:00,DENVER NUGGETS,117,GOLDEN STATE WARRIORS,109
2003-12-04 03:30:00+00:00,CLEVELAND CAVALIERS,80,LOS ANGELES CLIPPERS,90
2003-12-05 00:00:00+00:00,CHICAGO BULLS,82,PHILADELPHIA 76ERS,83
2003-12-05 02:30:00+00:00,LOS ANGELES LAKERS,114,DALLAS MAVERICKS,103
2003-12-06 00:00:00+00:00,ATLANTA HAWKS,87,TORONTO RAPTORS,92
2003-12-06 00:30:00+00:00,PHOENIX SUNS,110,BOSTON CELTICS,106
2003-12-06 00:30:00+00:00,PHILADELPHIA 76ERS,93,MIAMI HEAT,90
2003-12-06 00:30:00+00:00,MILWAUKEE BUCKS,86,NEW JERSEY NETS,93
2003-12-06 01:00:00+00:00,WASHINGTON WIZARDS,77,MEMPHIS GRIZZLIES,92
2003-12-06 01:00:00+00:00,HOUSTON ROCKETS,83,NEW ORLEANS HORNETS,74
2003-12-06 01:00:00+00:00,SAN ANTONIO SPURS,105,ORLANDO MAGIC,94
2003-12-06 02:00:00+00:00,GOLDEN STATE WARRIORS,91,DENVER NUGGETS,98
2003-12-06 02:00:00+00:00,LOS ANGELES CLIPPERS,67,UTAH JAZZ,86
2003-12-06 03:00:00+00:00,NEW YORK KNICKS,81,PORTLAND TRAIL BLAZERS,88
2003-12-06 03:30:00+00:00,MINNESOTA TIMBERWOLVES,112,SACRAMENTO KINGS,109
2003-12-06 03:30:00+00:00,INDIANA PACERS,101,SEATTLE SUPERSONICS,94
2003-12-07 00:30:00+00:00,ATLANTA HAWKS,85,CLEVELAND CAVALIERS,95
2003-12-07 00:30:00+00:00,SAN ANTONIO SPURS,86,MIAMI HEAT,70
2003-12-07 00:30:00+00:00,PHOENIX SUNS,88,NEW JERSEY NETS,99
2003-12-07 01:30:00+00:00,NEW ORLEANS HORNETS,97,CHICAGO BULLS,91
2003-12-07 01:30:00+00:00,ORLANDO MAGIC,97,DALLAS MAVERICKS,110
2003-12-07 01:30:00+00:00,DETROIT PISTONS,80,HOUSTON ROCKETS,86
2003-12-07 01:30:00+00:00,WASHINGTON WIZARDS,114,MILWAUKEE BUCKS,109
2003-12-07 03:30:00+00:00,NEW YORK KNICKS,92,GOLDEN STATE WARRIORS,104
2003-12-07 20:30:00+00:00,MINNESOTA TIMBERWOLVES,96,LOS ANGELES CLIPPERS,94
2003-12-07 21:00:00+00:00,PORTLAND TRAIL BLAZERS,79,MEMPHIS GRIZZLIES,93
2003-12-07 21:00:00+00:00,SEATTLE SUPERSONICS,98,TORONTO RAPTORS,108
2003-12-08 02:00:00+00:00,BOSTON CELTICS,116,DENVER NUGGETS,111
2003-12-08 02:00:00+00:00,INDIANA PACERS,88,SACRAMENTO KINGS,91
2003-12-08 02:30:00+00:00,UTAH JAZZ,92,LOS ANGELES LAKERS,94
2003-12-09 00:00:00+00:00,PHOENIX SUNS,98,ORLANDO MAGIC,105
2003-12-09 01:00:00+00:00,MILWAUKEE BUCKS,85,NEW ORLEANS HORNETS,91
2003-12-09 01:30:00+00:00,SAN ANTONIO SPURS,96,CHICAGO BULLS,82
2003-12-09 02:00:00+00:00,BOSTON CELTICS,102,UTAH JAZZ,80
2003-12-10 00:00:00+00:00,TORONTO RAPTORS,100,CLEVELAND CAVALIERS,93
2003-12-10 00:00:00+00:00,WASHINGTON WIZARDS,79,INDIANA PACERS,93
2003-12-10 00:30:00+00:00,DENVER NUGGETS,98,ATLANTA HAWKS,112
2003-12-10 00:30:00+00:00,PHILADELPHIA 76ERS,78,DETROIT PISTONS,76
2003-12-10 00:30:00+00:00,PHOENIX SUNS,72,MIAMI HEAT,92
2003-12-10 00:30:00+00:00,SEATTLE SUPERSONICS,88,NEW JERSEY NETS,101
2003-12-10 01:00:00+00:00,GOLDEN STATE WARRIORS,98,MINNESOTA TIMBERWOLVES,95
2003-12-10 01:30:00+00:00,PORTLAND TRAIL BLAZERS,91,HOUSTON ROCKETS,93
2003-12-10 03:00:00+00:00,LOS ANGELES CLIPPERS,95,SACRAMENTO KINGS,105
2003-12-10 03:30:00+00:00,NEW YORK KNICKS,90,LOS ANGELES LAKERS,98
2003-12-11 00:00:00+00:00,SEATTLE SUPERSONICS,112,BOSTON CELTICS,126
2003-12-11 00:00:00+00:00,ORLANDO MAGIC,95,WASHINGTON WIZARDS,91
2003-12-11 01:00:00+00:00,ATLANTA HAWKS,90,MEMPHIS GRIZZLIES,103
2003-12-11 01:00:00+00:00,GOLDEN STATE WARRIORS,89,MILWAUKEE BUCKS,94
2003-12-11 01:30:00+00:00,PORTLAND TRAIL BLAZERS,77,SAN ANTONIO SPURS,102
2003-12-11 02:00:00+00:00,NEW YORK KNICKS,73,UTAH JAZZ,95
2003-12-11 03:30:00+00:00,DALLAS MAVERICKS,99,LOS ANGELES CLIPPERS,100
2003-12-12 00:30:00+00:00,DETROIT PISTONS,86,CLEVELAND CAVALIERS,95
2003-12-12 01:30:00+00:00,SAN ANTONIO SPURS,71,HOUSTON ROCKETS,67
2003-12-12 03:00:00+00:00,NEW ORLEANS HORNETS,111,PHOENIX SUNS,101
2003-12-13 00:00:00+00:00,DENVER NUGGETS,86,PHILADELPHIA 76ERS,77
2003-12-13 00:00:00+00:00,MINNESOTA TIMBERWOLVES,110,WASHINGTON WIZARDS,91
2003-12-13 00:30:00+00:00,TORONTO RAPTORS,111,BOSTON CELTICS,114
2003-12-13 00:30:00+00:00,ATLANTA HAWKS,92,INDIANA PACERS,103
2003-12-13 00:30:00+00:00,MEMPHIS GRIZZLIES,88,MIAMI HEAT,91
2003-12-13 01:00:00+00:00,SEATTLE SUPERSONICS,93,DETROIT PISTONS,72
2003-12-13 01:00:00+00:00,NEW JERSEY NETS,99,ORLANDO MAGIC,95
2003-12-13 01:30:00+00:00,CHICAGO BULLS,95,MILWAUKEE BUCKS,109
2003-12-13 02:00:00+00:00,SACRAMENTO KINGS,100,UTAH JAZZ,93
2003-12-13 03:30:00+00:00,NEW ORLEANS HORNETS,96,GOLDEN STATE WARRIORS,85
2003-12-13 03:30:00+00:00,DALLAS MAVERICKS,110,LOS ANGELES LAKERS,93
2003-12-14 00:30:00+00:00,ORLANDO MAGIC,105,ATLANTA HAWKS,102
2003-12-14 00:30:00+00:00,BOSTON CELTICS,105,CLEVELAND CAVALIERS,98
2003-12-14 00:30:00+00:00,DENVER NUGGETS,88,NEW YORK KNICKS,95
2003-12-14 01:00:00+00:00,NEW JERSEY NETS,63,MEMPHIS GRIZZLIES,110
2003-12-14 01:30:00+00:00,INDIANA PACERS,75,CHICAGO BULLS,86
2003-12-14 01:30:00+00:00,HOUSTON ROCKETS,73,SAN ANTONIO SPURS,86
2003-12-14 03:00:00+00:00,LOS ANGELES LAKERS,108,PORTLAND TRAIL BLAZERS,112
2003-12-14 03:30:00+00:00,PHOENIX SUNS,91,LOS ANGELES CLIPPERS,106
2003-12-14 17:30:00+00:00,MIAMI HEAT,90,TORONTO RAPTORS,89
2003-12-14 20:30:00+00:00,MILWAUKEE BUCKS,102,SEATTLE SUPERSONICS,108
2003-12-14 23:00:00+00:00,UTAH JAZZ,94,PHILADELPHIA 76ERS,86
2003-12-15 00:00:00+00:00,WASHINGTON WIZARDS,87,NEW YORK KNICKS,89
2003-12-15 02:00:00+00:00,PHOENIX SUNS,102,SACRAMENTO KINGS,107
2003-12-16 00:00:00+00:00,MINNESOTA TIMBERWOLVES,116,BOSTON CELTICS,95
2003-12-16 00:00:00+00:00,CLEVELAND CAVALIERS,85,INDIANA PACERS,95
2003-12-16 01:30:00+00:00,TORONTO RAPTORS,94,DALLAS MAVERICKS,111
2003-12-16 01:30:00+00:00,MEMPHIS GRIZZLIES,67,SAN ANTONIO SPURS,78
2003-12-16 03:30:00+00:00,NEW ORLEANS HORNETS,80,LOS ANGELES CLIPPERS,109
2003-12-17 00:00:00+00:00,UTAH JAZZ,87,WASHINGTON WIZARDS,91
2003-12-17 00:30:00+00:00,ATLANTA HAWKS,79,MIAMI HEAT,97
2003-12-17 00:30:00+00:00,GOLDEN STATE WARRIORS,104,NEW YORK KNICKS,86
2003-12-17 01:00:00+00:00,SACRAMENTO KINGS,100,MEMPHIS GRIZZLIES,105
2003-12-17 01:00:00+00:00,HOUSTON ROCKETS,75,MINNESOTA TIMBERWOLVES,92
2003-12-17 01:30:00+00:00,ORLANDO MAGIC,88,CHICAGO BULLS,102
2003-12-17 02:00:00+00:00,NEW ORLEANS HORNETS,94,DENVER NUGGETS,116
2003-12-17 02:00:00+00:00,SEATTLE SUPERSONICS,91,PHOENIX SUNS,92
2003-12-17 03:00:00+00:00,MILWAUKEE BUCKS,106,PORTLAND TRAIL BLAZERS,99
2003-12-18 00:00:00+00:00,HOUSTON ROCKETS,89,CLEVELAND CAVALIERS,85
2003-12-18 00:00:00+00:00,ORLANDO MAGIC,94,INDIANA PACERS,90
2003-12-18 00:00:00+00:00,MIAMI HEAT,76,PHILADELPHIA 76ERS,87
2003-12-18 00:30:00+00:00,GOLDEN STATE WARRIORS,98,ATLANTA HAWKS,85
2003-12-18 00:30:00+00:00,CHICAGO BULLS,73,DETROIT PISTONS,77
2003-12-18 00:30:00+00:00,UTAH JAZZ,74,NEW JERSEY NETS,87
2003-12-18 01:00:00+00:00,DALLAS MAVERICKS,103,BOSTON CELTICS,105
2003-12-18 01:30:00+00:00,TORONTO RAPTORS,70,SAN ANTONIO SPURS,73
2003-12-18 03:00:00+00:00,DENVER NUGGETS,99,SEATTLE SUPERSONICS,98
2003-12-18 03:30:00+00:00,MILWAUKEE BUCKS,83,LOS ANGELES CLIPPERS,93
2003-12-19 00:30:00+00:00,DALLAS MAVERICKS,109,MINNESOTA TIMBERWOLVES,114
2003-12-19 01:00:00+00:00,SACRAMENTO KINGS,101,NEW ORLEANS HORNETS,90
2003-12-19 03:00:00+00:00,PHOENIX SUNS,94,PORTLAND TRAIL BLAZERS,101
2003-12-20 00:00:00+00:00,GOLDEN STATE WARRIORS,93,ORLANDO MAGIC,119
2003-12-20 00:00:00+00:00,CLEVELAND CAVALIERS,88,PHILADELPHIA 76ERS,81
2003-12-20 00:00:00+00:00,NEW YORK KNICKS,99,TORONTO RAPTORS,105
2003-12-20 00:30:00+00:00,SACRAMENTO KINGS,98,ATLANTA HAWKS,86
2003-12-20 00:30:00+00:00,UTAH JAZZ,99,BOSTON CELTICS,96
2003-12-20 00:30:00+00:00,WASHINGTON WIZARDS,87,NEW JERSEY NETS,97
2003-12-20 01:00:00+00:00,DETROIT PISTONS,75,INDIANA PACERS,80
2003-12-20 01:00:00+00:00,MIAMI HEAT,83,MEMPHIS GRIZZLIES,97
2003-12-20 01:30:00+00:00,LOS ANGELES CLIPPERS,85,HOUSTON ROCKETS,99
2003-12-20 03:30:00+00:00,DENVER NUGGETS,99,LOS ANGELES LAKERS,101
2003-12-20 03:30:00+00:00,SAN ANTONIO SPURS,87,SEATTLE SUPERSONICS,73
2003-12-21 00:30:00+00:00,ATLANTA HAWKS,92,NEW YORK KNICKS,103
2003-12-21 01:00:00+00:00,INDIANA PACERS,80,MINNESOTA TIMBERWOLVES,102
2003-12-21 01:00:00+00:00,MEMPHIS GRIZZLIES,89,NEW ORLEANS HORNETS,94
2003-12-21 01:30:00+00:00,CLEVELAND CAVALIERS,95,CHICAGO BULLS,87
2003-12-21 01:30:00+00:00,LOS ANGELES CLIPPERS,115,DALLAS MAVERICKS,105
2003-12-21 01:30:00+00:00,NEW JERSEY NETS,87,MILWAUKEE BUCKS,92
2003-12-21 02:00:00+00:00,SEATTLE SUPERSONICS,115,DENVER NUGGETS,106
2003-12-21 02:00:00+00:00,HOUSTON ROCKETS,87,PHOENIX SUNS,102
2003-12-21 03:00:00+00:00,SAN ANTONIO SPURS,101,PORTLAND TRAIL BLAZERS,91
2003-12-21 21:00:00+00:00,ORLANDO MAGIC,104,TORONTO RAPTORS,93
2003-12-21 23:00:00+00:00,PHILADELPHIA 76ERS,84,BOSTON CELTICS,87
2003-12-21 23:00:00+00:00,UTAH JAZZ,75,DETROIT PISTONS,96
2003-12-21 23:00:00+00:00,GOLDEN STATE WARRIORS,93,MIAMI HEAT,104
2003-12-22 02:00:00+00:00,PORTLAND TRAIL BLAZERS,98,SACRAMENTO KINGS,117
2003-12-22 02:30:00+00:00,PHOENIX SUNS,101,LOS ANGELES LAKERS,107
2003-12-23 00:00:00+00:00,ORLANDO MAGIC,73,PHILADELPHIA 76ERS,95
2003-12-23 01:30:00+00:00,UTAH JAZZ,92,CHICAGO BULLS,80
2003-12-23 02:00:00+00:00,MEMPHIS GRIZZLIES,99,DENVER NUGGETS,106
2003-12-24 00:00:00+00:00,NEW ORLEANS HORNETS,86,CLEVELAND CAVALIERS,97
2003-12-24 00:30:00+00:00,BOSTON CELTICS,88,ATLANTA HAWKS,93
2003-12-24 00:30:00+00:00,WASHINGTON WIZARDS,72,MIAMI HEAT,79
2003-12-24 00:30:00+00:00,CHICAGO BULLS,78,NEW JERSEY NETS,95
2003-12-24 00:30:00+00:00,MINNESOTA TIMBERWOLVES,98,NEW YORK KNICKS,92
2003-12-24 01:00:00+00:00,DETROIT PISTONS,78,MILWAUKEE BUCKS,83
2003-12-24 01:30:00+00:00,INDIANA PACERS,79,HOUSTON ROCKETS,71
2003-12-24 01:30:00+00:00,LOS ANGELES CLIPPERS,90,SAN ANTONIO SPURS,111
2003-12-24 03:00:00+00:00,DALLAS MAVERICKS,88,PORTLAND TRAIL BLAZERS,97
2003-12-24 03:00:00+00:00,MEMPHIS GRIZZLIES,97,SACRAMENTO KINGS,114
2003-12-24 03:00:00+00:00,PHOENIX SUNS,90,SEATTLE SUPERSONICS,116
2003-12-24 03:30:00+00:00,LOS ANGELES LAKERS,98,GOLDEN STATE WARRIORS,107
2003-12-25 19:30:00+00:00,CLEVELAND CAVALIERS,101,ORLANDO MAGIC,113
2003-12-25 23:00:00+00:00,DALLAS MAVERICKS,111,SACRAMENTO KINGS,103
2003-12-26 01:30:00+00:00,HOUSTON ROCKETS,99,LOS ANGELES LAKERS,87
2003-12-27 00:00:00+00:00,MIAMI HEAT,92,WASHINGTON WIZARDS,84
2003-12-27 00:30:00+00:00,CHICAGO BULLS,87,CLEVELAND CAVALIERS,80
2003-12-27 01:00:00+00:00,NEW JERSEY NETS,82,DETROIT PISTONS,79
2003-12-27 01:00:00+00:00,NEW YORK KNICKS,98,MEMPHIS GRIZZLIES,94
2003-12-27 01:00:00+00:00,ATLANTA HAWKS,79,NEW ORLEANS HORNETS,109
2003-12-27 01:30:00+00:00,INDIANA PACERS,96,MILWAUKEE BUCKS,101
2003-12-27 01:30:00+00:00,ORLANDO MAGIC,83,SAN ANTONIO SPURS,98
2003-12-27 02:00:00+00:00,HOUSTON ROCKETS,94,DENVER NUGGETS,95
2003-12-27 02:00:00+00:00,BOSTON CELTICS,104,PHOENIX SUNS,102
2003-12-27 02:00:00+00:00,TORONTO RAPTORS,94,UTAH JAZZ,97
2003-12-27 03:30:00+00:00,SACRAMENTO KINGS,91,GOLDEN STATE WARRIORS,98
2003-12-27 03:30:00+00:00,PHILADELPHIA 76ERS,98,LOS ANGELES CLIPPERS,101
2003-12-27 03:30:00+00:00,MINNESOTA TIMBERWOLVES,92,PORTLAND TRAIL BLAZERS,101
2003-12-28 00:00:00+00:00,DETROIT PISTONS,87,ATLANTA HAWKS,84
2003-12-28 00:30:00+00:00,NEW YORK KNICKS,100,MIAMI HEAT,80
2003-12-28 01:00:00+00:00,NEW JERSEY NETS,82,INDIANA PACERS,75
2003-12-28 01:30:00+00:00,WASHINGTON WIZARDS,86,CHICAGO BULLS,100
2003-12-28 01:30:00+00:00,MEMPHIS GRIZZLIES,98,DALLAS MAVERICKS,104
2003-12-28 03:00:00+00:00,MINNESOTA TIMBERWOLVES,104,SEATTLE SUPERSONICS,86
2003-12-28 20:30:00+00:00,TORONTO RAPTORS,94,LOS ANGELES CLIPPERS,88
2003-12-29 00:00:00+00:00,PORTLAND TRAIL BLAZERS,74,CLEVELAND CAVALIERS,86
2003-12-29 00:00:00+00:00,UTAH JAZZ,89,SACRAMENTO KINGS,98
2003-12-29 00:00:00+00:00,MILWAUKEE BUCKS,74,SAN ANTONIO SPURS,89
2003-12-29 01:00:00+00:00,PHILADELPHIA 76ERS,92,PHOENIX SUNS,100
2003-12-29 02:00:00+00:00,GOLDEN STATE WARRIORS,79,DENVER NUGGETS,103
2003-12-29 02:30:00+00:00,BOSTON CELTICS,82,LOS ANGELES LAKERS,105
2003-12-30 00:00:00+00:00,MEMPHIS GRIZZLIES,86,INDIANA PACERS,94
2003-12-30 00:00:00+00:00,NEW YORK KNICKS,114,ORLANDO MAGIC,86
2003-12-30 00:30:00+00:00,NEW ORLEANS HORNETS,99,DETROIT PISTONS,108
2003-12-30 00:30:00+00:00,PORTLAND TRAIL BLAZERS,91,NEW JERSEY NETS,87
2003-12-30 01:30:00+00:00,MIAMI HEAT,90,CHICAGO BULLS,83
2003-12-30 01:30:00+00:00,SEATTLE SUPERSONICS,87,HOUSTON ROCKETS,86
2003-12-30 02:00:00+00:00,PHILADELPHIA 76ERS,97,UTAH JAZZ,106
2003-12-30 03:30:00+00:00,BOSTON CELTICS,100,GOLDEN STATE WARRIORS,91
2003-12-30 03:30:00+00:00,PHOENIX SUNS,113,LOS ANGELES CLIPPERS,105
2003-12-31 00:00:00+00:00,INDIANA PACERS,92,CLEVELAND CAVALIERS,89
2003-12-31 00:00:00+00:00,ATLANTA HAWKS,83,WASHINGTON WIZARDS,73
2003-12-31 00:30:00+00:00,MIAMI HEAT,73,NEW YORK KNICKS,102
2003-12-31 01:00:00+00:00,SEATTLE SUPERSONICS,105,MEMPHIS GRIZZLIES,99
2003-12-31 01:00:00+00:00,CHICAGO BULLS,93,MINNESOTA TIMBERWOLVES,98
2003-12-31 01:30:00+00:00,MILWAUKEE BUCKS,92,DALLAS MAVERICKS,101
2003-12-31 02:00:00+00:00,TORONTO RAPTORS,81,DENVER NUGGETS,74
2003-12-31 19:00:00+00:00,NEW ORLEANS HORNETS,96,BOSTON CELTICS,94
2003-12-31 21:00:00+00:00,PORTLAND TRAIL BLAZERS,71,DETROIT PISTONS,78
2004-01-01 00:00:00+00:00,GOLDEN STATE WARRIORS,70,NEW JERSEY NETS,88
2004-01-01 02:30:00+00:00,DENVER NUGGETS,104,LOS ANGELES CLIPPERS,120
2004-01-01 03:00:00+00:00,PHILADELPHIA 76ERS,72,HOUSTON ROCKETS,80
2004-01-03 00:00:00+00:00,NEW ORLEANS HORNETS,86,TORONTO RAPTORS,74
2004-01-03 00:00:00+00:00,GOLDEN STATE WARRIORS,79,WASHINGTON WIZARDS,97
2004-01-03 00:30:00+00:00,INDIANA PACERS,103,BOSTON CELTICS,90
2004-01-03 00:30:00+00:00,ORLANDO MAGIC,101,MIAMI HEAT,112
2004-01-03 00:30:00+00:00,CLEVELAND CAVALIERS,82,NEW JERSEY NETS,97
2004-01-03 00:30:00+00:00,CHICAGO BULLS,104,NEW YORK KNICKS,99
2004-01-03 01:00:00+00:00,PHOENIX SUNS,81,DETROIT PISTONS,93
2004-01-03 01:00:00+00:00,UTAH JAZZ,88,MEMPHIS GRIZZLIES,100
2004-01-03 01:00:00+00:00,ATLANTA HAWKS,75,MINNESOTA TIMBERWOLVES,93
2004-01-03 01:30:00+00:00,DALLAS MAVERICKS,101,MILWAUKEE BUCKS,109
2004-01-03 03:00:00+00:00,DENVER NUGGETS,106,PORTLAND TRAIL BLAZERS,96
2004-01-03 03:30:00+00:00,LOS ANGELES LAKERS,109,SEATTLE SUPERSONICS,111
2004-01-03 18:30:00+00:00,PHILADELPHIA 76ERS,83,SAN ANTONIO SPURS,77
2004-01-03 21:00:00+00:00,SACRAMENTO KINGS,116,LOS ANGELES CLIPPERS,109
2004-01-04 00:30:00+00:00,GOLDEN STATE WARRIORS,93,DETROIT PISTONS,99
2004-01-04 01:00:00+00:00,NEW ORLEANS HORNETS,84,INDIANA PACERS,91
2004-01-04 01:00:00+00:00,ORLANDO MAGIC,103,MEMPHIS GRIZZLIES,112
2004-01-04 01:30:00+00:00,BOSTON CELTICS,88,CHICAGO BULLS,77
2004-01-04 01:30:00+00:00,MINNESOTA TIMBERWOLVES,112,DALLAS MAVERICKS,119
2004-01-04 01:30:00+00:00,UTAH JAZZ,63,HOUSTON ROCKETS,84
2004-01-04 03:00:00+00:00,ATLANTA HAWKS,84,DENVER NUGGETS,76
2004-01-04 18:00:00+00:00,PHOENIX SUNS,73,TORONTO RAPTORS,83
2004-01-04 19:00:00+00:00,MILWAUKEE BUCKS,100,WASHINGTON WIZARDS,94
2004-01-05 00:00:00+00:00,NEW JERSEY NETS,95,NEW YORK KNICKS,85
2004-01-05 02:00:00+00:00,SEATTLE SUPERSONICS,99,SACRAMENTO KINGS,130
2004-01-05 02:30:00+00:00,LOS ANGELES LAKERS,98,LOS ANGELES CLIPPERS,101
2004-01-06 00:00:00+00:00,DETROIT PISTONS,78,BOSTON CELTICS,68
2004-01-06 00:00:00+00:00,MILWAUKEE BUCKS,88,PHILADELPHIA 76ERS,76
2004-01-06 00:30:00+00:00,INDIANA PACERS,87,MIAMI HEAT,65
2004-01-06 01:30:00+00:00,PHOENIX SUNS,82,CHICAGO BULLS,87
2004-01-06 01:30:00+00:00,GOLDEN STATE WARRIORS,65,HOUSTON ROCKETS,83
2004-01-06 02:00:00+00:00,SAN ANTONIO SPURS,98,DENVER NUGGETS,74
2004-01-06 02:00:00+00:00,DALLAS MAVERICKS,94,UTAH JAZZ,108
2004-01-06 03:00:00+00:00,PORTLAND TRAIL BLAZERS,108,SEATTLE SUPERSONICS,119
2004-01-07 00:00:00+00:00,NEW YORK KNICKS,96,CLEVELAND CAVALIERS,107
2004-01-07 00:00:00+00:00,ORLANDO MAGIC,107,INDIANA PACERS,114
2004-01-07 00:30:00+00:00,LOS ANGELES CLIPPERS,75,NEW JERSEY NETS,92
2004-01-07 01:00:00+00:00,LOS ANGELES LAKERS,90,MINNESOTA TIMBERWOLVES,106
2004-01-07 01:30:00+00:00,WASHINGTON WIZARDS,72,SAN ANTONIO SPURS,94
2004-01-07 03:00:00+00:00,ATLANTA HAWKS,89,SACRAMENTO KINGS,105
2004-01-08 00:00:00+00:00,ORLANDO MAGIC,93,BOSTON CELTICS,101
2004-01-08 00:00:00+00:00,LOS ANGELES CLIPPERS,80,PHILADELPHIA 76ERS,100
2004-01-08 00:00:00+00:00,CLEVELAND CAVALIERS,69,TORONTO RAPTORS,75
2004-01-08 00:30:00+00:00,HOUSTON ROCKETS,66,DETROIT PISTONS,85
2004-01-08 00:30:00+00:00,CHICAGO BULLS,95,MIAMI HEAT,102
2004-01-08 01:00:00+00:00,PHOENIX SUNS,87,MILWAUKEE BUCKS,95
2004-01-08 01:00:00+00:00,WASHINGTON WIZARDS,87,NEW ORLEANS HORNETS,97
2004-01-08 02:00:00+00:00,GOLDEN STATE WARRIORS,99,DALLAS MAVERICKS,105
2004-01-08 02:00:00+00:00,LOS ANGELES LAKERS,91,DENVER NUGGETS,113
2004-01-08 03:00:00+00:00,SACRAMENTO KINGS,93,SEATTLE SUPERSONICS,104
2004-01-09 00:00:00+00:00,HOUSTON ROCKETS,111,NEW YORK KNICKS,79
2004-01-09 02:30:00+00:00,PORTLAND TRAIL BLAZERS,75,MINNESOTA TIMBERWOLVES,96
2004-01-10 00:00:00+00:00,WASHINGTON WIZARDS,92,ORLANDO MAGIC,103
2004-01-10 00:00:00+00:00,NEW JERSEY NETS,81,PHILADELPHIA 76ERS,97
2004-01-10 00:00:00+00:00,LOS ANGELES CLIPPERS,78,TORONTO RAPTORS,68
2004-01-10 00:30:00+00:00,CLEVELAND CAVALIERS,82,BOSTON CELTICS,107
2004-01-10 01:00:00+00:00,INDIANA PACERS,92,DALLAS MAVERICKS,80
2004-01-10 01:00:00+00:00,SAN ANTONIO SPURS,94,NEW ORLEANS HORNETS,84
2004-01-10 01:30:00+00:00,PORTLAND TRAIL BLAZERS,87,CHICAGO BULLS,78
2004-01-10 01:30:00+00:00,MIAMI HEAT,94,MILWAUKEE BUCKS,103
2004-01-10 02:00:00+00:00,UTAH JAZZ,96,DENVER NUGGETS,106
2004-01-10 03:30:00+00:00,ATLANTA HAWKS,67,LOS ANGELES LAKERS,113
2004-01-10 03:30:00+00:00,SACRAMENTO KINGS,113,PHOENIX SUNS,93
2004-01-10 03:30:00+00:00,MEMPHIS GRIZZLIES,116,SEATTLE SUPERSONICS,122
2004-01-11 00:00:00+00:00,PHILADELPHIA 76ERS,87,WASHINGTON WIZARDS,94
2004-01-11 00:30:00+00:00,MILWAUKEE BUCKS,88,NEW YORK KNICKS,94
2004-01-11 01:00:00+00:00,MIAMI HEAT,77,MINNESOTA TIMBERWOLVES,83
2004-01-11 01:30:00+00:00,NEW ORLEANS HORNETS,84,CHICAGO BULLS,89
2004-01-11 01:30:00+00:00,INDIANA PACERS,88,SAN ANTONIO SPURS,89
2004-01-11 02:00:00+00:00,ATLANTA HAWKS,71,UTAH JAZZ,92
2004-01-11 03:30:00+00:00,SEATTLE SUPERSONICS,110,GOLDEN STATE WARRIORS,113
2004-01-11 18:00:00+00:00,PORTLAND TRAIL BLAZERS,72,TORONTO RAPTORS,83
2004-01-11 23:00:00+00:00,DALLAS MAVERICKS,102,DETROIT PISTONS,115
2004-01-12 01:30:00+00:00,BOSTON CELTICS,97,HOUSTON ROCKETS,93
2004-01-12 02:00:00+00:00,DENVER NUGGETS,106,SACRAMENTO KINGS,117
2004-01-12 02:30:00+00:00,MEMPHIS GRIZZLIES,108,LOS ANGELES CLIPPERS,107
2004-01-13 00:30:00+00:00,DALLAS MAVERICKS,127,NEW YORK KNICKS,121
2004-01-13 00:30:00+00:00,PHILADELPHIA 76ERS,87,ORLANDO MAGIC,82
2004-01-13 03:00:00+00:00,CLEVELAND CAVALIERS,79,LOS ANGELES LAKERS,89
2004-01-13 03:30:00+00:00,MEMPHIS GRIZZLIES,115,GOLDEN STATE WARRIORS,113
2004-01-14 00:00:00+00:00,HOUSTON ROCKETS,93,WASHINGTON WIZARDS,80
2004-01-14 00:30:00+00:00,SAN ANTONIO SPURS,77,ATLANTA HAWKS,86
2004-01-14 01:00:00+00:00,BOSTON CELTICS,103,MILWAUKEE BUCKS,111
2004-01-14 01:00:00+00:00,MINNESOTA TIMBERWOLVES,94,NEW ORLEANS HORNETS,89
2004-01-14 01:30:00+00:00,DETROIT PISTONS,105,CHICAGO BULLS,89
2004-01-14 02:00:00+00:00,DENVER NUGGETS,105,PHOENIX SUNS,92
2004-01-14 02:00:00+00:00,GOLDEN STATE WARRIORS,80,UTAH JAZZ,97
2004-01-14 03:00:00+00:00,MIAMI HEAT,86,SACRAMENTO KINGS,90
2004-01-14 03:00:00+00:00,CLEVELAND CAVALIERS,104,SEATTLE SUPERSONICS,96
2004-01-14 03:30:00+00:00,PORTLAND TRAIL BLAZERS,96,LOS ANGELES CLIPPERS,103
2004-01-15 00:00:00+00:00,HOUSTON ROCKETS,95,BOSTON CELTICS,80
2004-01-15 00:00:00+00:00,ATLANTA HAWKS,78,INDIANA PACERS,85
2004-01-15 00:30:00+00:00,TORONTO RAPTORS,91,DETROIT PISTONS,95
2004-01-15 00:30:00+00:00,WASHINGTON WIZARDS,103,NEW JERSEY NETS,115
2004-01-15 00:30:00+00:00,ORLANDO MAGIC,110,NEW YORK KNICKS,120
2004-01-15 01:30:00+00:00,MINNESOTA TIMBERWOLVES,100,SAN ANTONIO SPURS,93
2004-01-15 02:00:00+00:00,PHILADELPHIA 76ERS,122,DALLAS MAVERICKS,125
2004-01-15 03:30:00+00:00,DENVER NUGGETS,71,LOS ANGELES LAKERS,97
2004-01-16 01:00:00+00:00,CHICAGO BULLS,93,MEMPHIS GRIZZLIES,108
2004-01-16 01:00:00+00:00,NEW JERSEY NETS,83,MILWAUKEE BUCKS,86
2004-01-16 01:00:00+00:00,TORONTO RAPTORS,78,NEW ORLEANS HORNETS,74
2004-01-16 02:00:00+00:00,MIAMI HEAT,85,UTAH JAZZ,97
2004-01-16 03:00:00+00:00,PHOENIX SUNS,105,PORTLAND TRAIL BLAZERS,96
2004-01-16 03:30:00+00:00,CLEVELAND CAVALIERS,102,GOLDEN STATE WARRIORS,119
2004-01-17 00:00:00+00:00,SAN ANTONIO SPURS,79,INDIANA PACERS,89
2004-01-17 00:00:00+00:00,BOSTON CELTICS,118,ORLANDO MAGIC,124
2004-01-17 00:30:00+00:00,SEATTLE SUPERSONICS,88,NEW YORK KNICKS,108
2004-01-17 01:00:00+00:00,WASHINGTON WIZARDS,77,DETROIT PISTONS,98
2004-01-17 02:00:00+00:00,DALLAS MAVERICKS,91,DENVER NUGGETS,88
2004-01-17 02:00:00+00:00,GOLDEN STATE WARRIORS,93,PHOENIX SUNS,104
2004-01-17 03:30:00+00:00,MIAMI HEAT,87,LOS ANGELES CLIPPERS,85
2004-01-17 03:30:00+00:00,LOS ANGELES LAKERS,83,SACRAMENTO KINGS,103
2004-01-17 18:00:00+00:00,MEMPHIS GRIZZLIES,91,PHILADELPHIA 76ERS,87
2004-01-17 20:30:00+00:00,MINNESOTA TIMBERWOLVES,76,HOUSTON ROCKETS,95
2004-01-18 00:00:00+00:00,TORONTO RAPTORS,70,ATLANTA HAWKS,75
2004-01-18 00:00:00+00:00,SEATTLE SUPERSONICS,84,WASHINGTON WIZARDS,99
2004-01-18 01:00:00+00:00,INDIANA PACERS,90,NEW JERSEY NETS,84
2004-01-18 01:00:00+00:00,ORLANDO MAGIC,90,NEW ORLEANS HORNETS,91
2004-01-18 01:30:00+00:00,NEW YORK KNICKS,101,CHICAGO BULLS,96
2004-01-18 01:30:00+00:00,DETROIT PISTONS,99,MILWAUKEE BUCKS,94
2004-01-18 02:00:00+00:00,CLEVELAND CAVALIERS,102,UTAH JAZZ,96
2004-01-18 03:00:00+00:00,DALLAS MAVERICKS,108,PORTLAND TRAIL BLAZERS,104
2004-01-18 03:30:00+00:00,LOS ANGELES CLIPPERS,89,LOS ANGELES LAKERS,91
2004-01-18 17:30:00+00:00,SAN ANTONIO SPURS,109,BOSTON CELTICS,92
2004-01-19 01:00:00+00:00,PORTLAND TRAIL BLAZERS,92,PHOENIX SUNS,96
2004-01-19 02:00:00+00:00,MIAMI HEAT,80,DENVER NUGGETS,88
2004-01-19 18:00:00+00:00,TORONTO RAPTORS,79,NEW YORK KNICKS,90
2004-01-19 18:00:00+00:00,CHICAGO BULLS,83,WASHINGTON WIZARDS,93
2004-01-19 19:00:00+00:00,INDIANA PACERS,100,ATLANTA HAWKS,97
2004-01-19 19:00:00+00:00,SEATTLE SUPERSONICS,90,PHILADELPHIA 76ERS,81
2004-01-19 20:00:00+00:00,SAN ANTONIO SPURS,77,DETROIT PISTONS,85
2004-01-19 20:00:00+00:00,MILWAUKEE BUCKS,99,ORLANDO MAGIC,106
2004-01-19 20:30:00+00:00,SACRAMENTO KINGS,125,LOS ANGELES CLIPPERS,100
2004-01-19 23:00:00+00:00,NEW ORLEANS HORNETS,90,MINNESOTA TIMBERWOLVES,97
2004-01-20 00:30:00+00:00,HOUSTON ROCKETS,83,MEMPHIS GRIZZLIES,88
2004-01-20 03:00:00+00:00,UTAH JAZZ,85,GOLDEN STATE WARRIORS,101
2004-01-20 03:30:00+00:00,PHOENIX SUNS,88,LOS ANGELES LAKERS,85
2004-01-21 00:00:00+00:00,SEATTLE SUPERSONICS,94,CLEVELAND CAVALIERS,99
2004-01-21 00:00:00+00:00,DETROIT PISTONS,69,INDIANA PACERS,81
2004-01-21 00:30:00+00:00,BOSTON CELTICS,86,MIAMI HEAT,84
2004-01-21 01:30:00+00:00,NEW JERSEY NETS,93,DALLAS MAVERICKS,106
2004-01-21 02:00:00+00:00,DENVER NUGGETS,96,UTAH JAZZ,75
2004-01-21 03:00:00+00:00,PORTLAND TRAIL BLAZERS,109,SACRAMENTO KINGS,104
2004-01-22 00:00:00+00:00,MINNESOTA TIMBERWOLVES,108,TORONTO RAPTORS,97
2004-01-22 00:30:00+00:00,CHICAGO BULLS,87,ATLANTA HAWKS,97
2004-01-22 01:00:00+00:00,LOS ANGELES LAKERS,82,MEMPHIS GRIZZLIES,88
2004-01-22 01:00:00+00:00,ORLANDO MAGIC,102,MILWAUKEE BUCKS,113
2004-01-22 01:00:00+00:00,PHILADELPHIA 76ERS,92,NEW ORLEANS HORNETS,86
2004-01-22 01:30:00+00:00,NEW JERSEY NETS,76,SAN ANTONIO SPURS,99
2004-01-22 02:00:00+00:00,PHOENIX SUNS,92,DENVER NUGGETS,97
2004-01-22 02:00:00+00:00,NEW YORK KNICKS,71,HOUSTON ROCKETS,86
2004-01-22 03:30:00+00:00,GOLDEN STATE WARRIORS,102,LOS ANGELES CLIPPERS,106
2004-01-23 00:00:00+00:00,SACRAMENTO KINGS,95,CLEVELAND CAVALIERS,89
2004-01-23 02:30:00+00:00,LOS ANGELES LAKERS,87,DALLAS MAVERICKS,106
2004-01-23 03:00:00+00:00,GOLDEN STATE WARRIORS,87,SEATTLE SUPERSONICS,103
2004-01-24 00:00:00+00:00,ORLANDO MAGIC,98,PHILADELPHIA 76ERS,93
2004-01-24 00:30:00+00:00,NEW YORK KNICKS,96,ATLANTA HAWKS,94
2004-01-24 00:30:00+00:00,WASHINGTON WIZARDS,89,BOSTON CELTICS,100
2004-01-24 00:30:00+00:00,NEW JERSEY NETS,64,MIAMI HEAT,85
2004-01-24 01:00:00+00:00,HOUSTON ROCKETS,78,INDIANA PACERS,74
2004-01-24 01:00:00+00:00,SACRAMENTO KINGS,95,MEMPHIS GRIZZLIES,109
2004-01-24 01:00:00+00:00,DETROIT PISTONS,79,MINNESOTA TIMBERWOLVES,80
2004-01-24 01:00:00+00:00,DENVER NUGGETS,91,NEW ORLEANS HORNETS,97
2004-01-24 01:30:00+00:00,DALLAS MAVERICKS,106,CHICAGO BULLS,93
2004-01-24 01:30:00+00:00,TORONTO RAPTORS,86,MILWAUKEE BUCKS,98
2004-01-24 03:30:00+00:00,UTAH JAZZ,82,LOS ANGELES CLIPPERS,93
2004-01-24 03:30:00+00:00,SAN ANTONIO SPURS,86,PHOENIX SUNS,84
2004-01-24 20:30:00+00:00,GOLDEN STATE WARRIORS,105,PORTLAND TRAIL BLAZERS,87
2004-01-25 00:00:00+00:00,INDIANA PACERS,96,WASHINGTON WIZARDS,107
2004-01-25 00:30:00+00:00,PHILADELPHIA 76ERS,87,CLEVELAND CAVALIERS,95
2004-01-25 00:30:00+00:00,MIAMI HEAT,85,NEW YORK KNICKS,77
2004-01-25 01:30:00+00:00,NEW ORLEANS HORNETS,98,SAN ANTONIO SPURS,96
2004-01-25 02:00:00+00:00,LOS ANGELES LAKERS,93,UTAH JAZZ,86
2004-01-25 03:00:00+00:00,LOS ANGELES CLIPPERS,97,SEATTLE SUPERSONICS,102
2004-01-25 18:00:00+00:00,SACRAMENTO KINGS,99,DALLAS MAVERICKS,108
2004-01-25 18:00:00+00:00,BOSTON CELTICS,91,NEW JERSEY NETS,110
2004-01-25 20:30:00+00:00,TORONTO RAPTORS,89,CHICAGO BULLS,96
2004-01-25 20:30:00+00:00,PHOENIX SUNS,95,MINNESOTA TIMBERWOLVES,99
2004-01-25 21:00:00+00:00,DENVER NUGGETS,88,MEMPHIS GRIZZLIES,106
2004-01-25 23:00:00+00:00,ATLANTA HAWKS,91,DETROIT PISTONS,82
2004-01-25 23:00:00+00:00,HOUSTON ROCKETS,99,ORLANDO MAGIC,87
2004-01-27 00:00:00+00:00,ORLANDO MAGIC,98,CLEVELAND CAVALIERS,99
2004-01-27 00:00:00+00:00,PORTLAND TRAIL BLAZERS,94,WASHINGTON WIZARDS,83
2004-01-27 00:30:00+00:00,HOUSTON ROCKETS,81,MIAMI HEAT,95
2004-01-27 01:00:00+00:00,SAN ANTONIO SPURS,92,MILWAUKEE BUCKS,93
2004-01-27 02:00:00+00:00,MINNESOTA TIMBERWOLVES,97,DENVER NUGGETS,95
2004-01-27 02:00:00+00:00,LOS ANGELES CLIPPERS,93,UTAH JAZZ,98
2004-01-28 00:00:00+00:00,NEW JERSEY NETS,94,PHILADELPHIA 76ERS,76
2004-01-28 00:30:00+00:00,PHOENIX SUNS,89,ATLANTA HAWKS,85
2004-01-28 00:30:00+00:00,SAN ANTONIO SPURS,77,NEW YORK KNICKS,67
2004-01-28 03:00:00+00:00,DALLAS MAVERICKS,118,SEATTLE SUPERSONICS,116
2004-01-28 03:30:00+00:00,CHICAGO BULLS,92,LOS ANGELES CLIPPERS,102
2004-01-29 00:00:00+00:00,DETROIT PISTONS,106,BOSTON CELTICS,103
2004-01-29 00:00:00+00:00,MIAMI HEAT,93,CLEVELAND CAVALIERS,94
2004-01-29 00:00:00+00:00,PHOENIX SUNS,79,INDIANA PACERS,101
2004-01-29 00:00:00+00:00,ORLANDO MAGIC,104,WASHINGTON WIZARDS,100
2004-01-29 00:30:00+00:00,PHILADELPHIA 76ERS,84,TORONTO RAPTORS,94
2004-01-29 01:00:00+00:00,PORTLAND TRAIL BLAZERS,88,MEMPHIS GRIZZLIES,76
2004-01-29 01:00:00+00:00,MILWAUKEE BUCKS,100,NEW ORLEANS HORNETS,101
2004-01-29 02:00:00+00:00,CHICAGO BULLS,99,DENVER NUGGETS,115
2004-01-29 02:00:00+00:00,SACRAMENTO KINGS,99,HOUSTON ROCKETS,94
2004-01-29 02:00:00+00:00,DALLAS MAVERICKS,88,UTAH JAZZ,91
2004-01-29 03:30:00+00:00,MINNESOTA TIMBERWOLVES,90,GOLDEN STATE WARRIORS,97
2004-01-29 03:30:00+00:00,SEATTLE SUPERSONICS,82,LOS ANGELES LAKERS,96
2004-01-30 00:00:00+00:00,NEW JERSEY NETS,89,ORLANDO MAGIC,79
2004-01-30 00:30:00+00:00,PORTLAND TRAIL BLAZERS,93,ATLANTA HAWKS,85
2004-01-30 02:30:00+00:00,SACRAMENTO KINGS,96,SAN ANTONIO SPURS,91
2004-01-31 00:00:00+00:00,NEW ORLEANS HORNETS,82,PHILADELPHIA 76ERS,85
2004-01-31 00:00:00+00:00,DETROIT PISTONS,90,TORONTO RAPTORS,89
2004-01-31 00:00:00+00:00,PHOENIX SUNS,100,WASHINGTON WIZARDS,105
2004-01-31 00:30:00+00:00,NEW YORK KNICKS,92,BOSTON CELTICS,74
2004-01-31 00:30:00+00:00,LOS ANGELES CLIPPERS,88,MIAMI HEAT,97
2004-01-31 01:00:00+00:00,UTAH JAZZ,85,MEMPHIS GRIZZLIES,79
2004-01-31 02:30:00+00:00,CLEVELAND CAVALIERS,95,MILWAUKEE BUCKS,101
2004-01-31 03:30:00+00:00,CHICAGO BULLS,81,GOLDEN STATE WARRIORS,101
2004-01-31 03:30:00+00:00,MINNESOTA TIMBERWOLVES,97,LOS ANGELES LAKERS,84
2004-01-31 18:00:00+00:00,DENVER NUGGETS,107,DALLAS MAVERICKS,102
2004-01-31 20:30:00+00:00,NEW JERSEY NETS,88,HOUSTON ROCKETS,77
2004-02-01 00:00:00+00:00,MILWAUKEE BUCKS,83,ATLANTA HAWKS,93
2004-02-01 00:00:00+00:00,LOS ANGELES CLIPPERS,115,ORLANDO MAGIC,106
2004-02-01 00:30:00+00:00,MEMPHIS GRIZZLIES,78,DETROIT PISTONS,80
2004-02-01 00:30:00+00:00,PHOENIX SUNS,105,NEW YORK KNICKS,110
2004-02-01 01:00:00+00:00,BOSTON CELTICS,98,INDIANA PACERS,99
2004-02-01 01:00:00+00:00,MIAMI HEAT,94,NEW ORLEANS HORNETS,70
2004-02-01 01:30:00+00:00,UTAH JAZZ,81,SAN ANTONIO SPURS,85
2004-02-01 03:00:00+00:00,CHICAGO BULLS,95,PORTLAND TRAIL BLAZERS,102
2004-02-01 03:00:00+00:00,SACRAMENTO KINGS,110,SEATTLE SUPERSONICS,103
2004-02-01 17:00:00+00:00,CLEVELAND CAVALIERS,104,WASHINGTON WIZARDS,100
2004-02-01 17:30:00+00:00,LOS ANGELES LAKERS,84,TORONTO RAPTORS,83
2004-02-01 19:00:00+00:00,PHILADELPHIA 76ERS,101,MINNESOTA TIMBERWOLVES,106
2004-02-03 00:00:00+00:00,LOS ANGELES LAKERS,72,INDIANA PACERS,85
2004-02-03 00:30:00+00:00,LOS ANGELES CLIPPERS,101,ATLANTA HAWKS,95
2004-02-03 00:30:00+00:00,DETROIT PISTONS,102,MIAMI HEAT,100
2004-02-03 01:00:00+00:00,GOLDEN STATE WARRIORS,101,MEMPHIS GRIZZLIES,106
2004-02-03 01:00:00+00:00,NEW JERSEY NETS,91,NEW ORLEANS HORNETS,70
2004-02-03 02:00:00+00:00,PORTLAND TRAIL BLAZERS,97,DENVER NUGGETS,116
2004-02-03 02:00:00+00:00,HOUSTON ROCKETS,79,PHOENIX SUNS,99
2004-02-03 02:00:00+00:00,SAN ANTONIO SPURS,83,UTAH JAZZ,65
2004-02-03 03:00:00+00:00,CHICAGO BULLS,97,SEATTLE SUPERSONICS,109
2004-02-04 00:00:00+00:00,TORONTO RAPTORS,93,PHILADELPHIA 76ERS,80
2004-02-04 00:30:00+00:00,CLEVELAND CAVALIERS,85,DETROIT PISTONS,82
2004-02-04 00:30:00+00:00,INDIANA PACERS,90,NEW YORK KNICKS,97
2004-02-04 01:00:00+00:00,ORLANDO MAGIC,100,MINNESOTA TIMBERWOLVES,113
2004-02-04 01:30:00+00:00,GOLDEN STATE WARRIORS,93,DALLAS MAVERICKS,107
2004-02-04 03:00:00+00:00,SEATTLE SUPERSONICS,101,SACRAMENTO KINGS,117
2004-02-05 00:00:00+00:00,LOS ANGELES CLIPPERS,95,BOSTON CELTICS,86
2004-02-05 00:00:00+00:00,ORLANDO MAGIC,90,TORONTO RAPTORS,110
2004-02-05 00:00:00+00:00,MEMPHIS GRIZZLIES,103,WASHINGTON WIZARDS,101
2004-02-05 00:30:00+00:00,MINNESOTA TIMBERWOLVES,89,ATLANTA HAWKS,97
2004-02-05 00:30:00+00:00,MIAMI HEAT,88,NEW JERSEY NETS,99
2004-02-05 01:00:00+00:00,LOS ANGELES LAKERS,111,CLEVELAND CAVALIERS,106
2004-02-05 01:00:00+00:00,DALLAS MAVERICKS,113,NEW ORLEANS HORNETS,104
2004-02-05 01:30:00+00:00,MILWAUKEE BUCKS,89,HOUSTON ROCKETS,103
2004-02-05 02:00:00+00:00,PORTLAND TRAIL BLAZERS,101,PHOENIX SUNS,97
2004-02-05 02:00:00+00:00,CHICAGO BULLS,95,UTAH JAZZ,79
2004-02-06 00:30:00+00:00,LOS ANGELES LAKERS,73,PHILADELPHIA 76ERS,96
2004-02-06 03:00:00+00:00,SAN ANTONIO SPURS,96,SEATTLE SUPERSONICS,90
2004-02-07 00:00:00+00:00,LOS ANGELES CLIPPERS,100,WASHINGTON WIZARDS,112
2004-02-07 00:30:00+00:00,ATLANTA HAWKS,100,BOSTON CELTICS,96
2004-02-07 00:30:00+00:00,INDIANA PACERS,83,TORONTO RAPTORS,77
2004-02-07 01:00:00+00:00,MILWAUKEE BUCKS,85,MEMPHIS GRIZZLIES,105
2004-02-07 01:00:00+00:00,CLEVELAND CAVALIERS,92,MINNESOTA TIMBERWOLVES,103
2004-02-07 01:00:00+00:00,ORLANDO MAGIC,99,NEW JERSEY NETS,120
2004-02-07 01:00:00+00:00,DETROIT PISTONS,81,NEW ORLEANS HORNETS,92
2004-02-07 01:30:00+00:00,CHICAGO BULLS,80,HOUSTON ROCKETS,82
2004-02-07 02:00:00+00:00,SEATTLE SUPERSONICS,107,PHOENIX SUNS,105
2004-02-07 02:00:00+00:00,PORTLAND TRAIL BLAZERS,87,UTAH JAZZ,73
2004-02-07 03:30:00+00:00,DENVER NUGGETS,87,GOLDEN STATE WARRIORS,96
2004-02-07 03:30:00+00:00,SAN ANTONIO SPURS,102,SACRAMENTO KINGS,94
2004-02-07 18:00:00+00:00,NEW YORK KNICKS,76,MIAMI HEAT,64
2004-02-08 00:00:00+00:00,HOUSTON ROCKETS,86,ATLANTA HAWKS,77
2004-02-08 00:00:00+00:00,BOSTON CELTICS,110,PHILADELPHIA 76ERS,80
2004-02-08 00:30:00+00:00,WASHINGTON WIZARDS,106,CLEVELAND CAVALIERS,88
2004-02-08 01:30:00+00:00,DETROIT PISTONS,108,DALLAS MAVERICKS,111
2004-02-08 01:30:00+00:00,NEW ORLEANS HORNETS,97,MILWAUKEE BUCKS,107
2004-02-08 02:00:00+00:00,UTAH JAZZ,96,PHOENIX SUNS,92
2004-02-08 17:30:00+00:00,LOS ANGELES LAKERS,98,ORLANDO MAGIC,96
2004-02-08 19:30:00+00:00,MIAMI HEAT,91,INDIANA PACERS,97
2004-02-08 20:00:00+00:00,SEATTLE SUPERSONICS,85,PORTLAND TRAIL BLAZERS,95
2004-02-08 20:30:00+00:00,MEMPHIS GRIZZLIES,99,MINNESOTA TIMBERWOLVES,98
2004-02-09 00:00:00+00:00,LOS ANGELES CLIPPERS,104,NEW YORK KNICKS,110
2004-02-09 00:00:00+00:00,DENVER NUGGETS,92,SACRAMENTO KINGS,115
2004-02-09 00:30:00+00:00,PHILADELPHIA 76ERS,87,NEW JERSEY NETS,99
2004-02-09 02:00:00+00:00,TORONTO RAPTORS,84,GOLDEN STATE WARRIORS,81
2004-02-10 00:00:00+00:00,BOSTON CELTICS,89,CLEVELAND CAVALIERS,97
2004-02-10 00:30:00+00:00,DALLAS MAVERICKS,96,ATLANTA HAWKS,102
2004-02-10 02:00:00+00:00,MEMPHIS GRIZZLIES,83,DENVER NUGGETS,86
2004-02-10 02:30:00+00:00,SAN ANTONIO SPURS,85,HOUSTON ROCKETS,82
2004-02-11 00:30:00+00:00,LOS ANGELES LAKERS,98,MIAMI HEAT,83
2004-02-11 00:30:00+00:00,DETROIT PISTONS,78,NEW JERSEY NETS,89
2004-02-11 01:00:00+00:00,SACRAMENTO KINGS,124,MILWAUKEE BUCKS,117
2004-02-11 01:00:00+00:00,LOS ANGELES CLIPPERS,84,MINNESOTA TIMBERWOLVES,96
2004-02-11 01:30:00+00:00,INDIANA PACERS,103,CHICAGO BULLS,84
2004-02-11 01:30:00+00:00,NEW YORK KNICKS,90,DALLAS MAVERICKS,105
2004-02-11 03:00:00+00:00,TORONTO RAPTORS,101,PHOENIX SUNS,94
2004-02-11 03:00:00+00:00,UTAH JAZZ,86,PORTLAND TRAIL BLAZERS,81
2004-02-11 03:00:00+00:00,GOLDEN STATE WARRIORS,106,SEATTLE SUPERSONICS,97
2004-02-12 00:00:00+00:00,NEW JERSEY NETS,105,CLEVELAND CAVALIERS,85
2004-02-12 00:00:00+00:00,MIAMI HEAT,111,ORLANDO MAGIC,98
2004-02-12 00:00:00+00:00,WASHINGTON WIZARDS,88,PHILADELPHIA 76ERS,113
2004-02-12 00:30:00+00:00,SACRAMENTO KINGS,96,DETROIT PISTONS,94
2004-02-12 01:00:00+00:00,LOS ANGELES CLIPPERS,102,MEMPHIS GRIZZLIES,110
2004-02-12 01:00:00+00:00,NEW YORK KNICKS,98,NEW ORLEANS HORNETS,106
2004-02-12 02:00:00+00:00,LOS ANGELES LAKERS,87,HOUSTON ROCKETS,102
2004-02-12 02:00:00+00:00,MINNESOTA TIMBERWOLVES,77,UTAH JAZZ,66
2004-02-12 03:30:00+00:00,PHOENIX SUNS,99,GOLDEN STATE WARRIORS,110
2004-02-13 01:30:00+00:00,BOSTON CELTICS,87,CHICAGO BULLS,107
2004-02-13 03:00:00+00:00,DENVER NUGGETS,107,PORTLAND TRAIL BLAZERS,98
2004-02-13 03:00:00+00:00,TORONTO RAPTORS,74,SEATTLE SUPERSONICS,94
2004-02-18 00:00:00+00:00,NEW ORLEANS HORNETS,89,INDIANA PACERS,75
2004-02-18 00:30:00+00:00,UTAH JAZZ,85,MIAMI HEAT,97
2004-02-18 00:30:00+00:00,DETROIT PISTONS,88,NEW YORK KNICKS,92
2004-02-18 01:00:00+00:00,DALLAS MAVERICKS,92,MEMPHIS GRIZZLIES,109
2004-02-18 01:00:00+00:00,ORLANDO MAGIC,104,MILWAUKEE BUCKS,127
2004-02-18 01:00:00+00:00,PHOENIX SUNS,95,MINNESOTA TIMBERWOLVES,110
2004-02-18 01:30:00+00:00,TORONTO RAPTORS,73,CHICAGO BULLS,75
2004-02-18 01:30:00+00:00,WASHINGTON WIZARDS,81,HOUSTON ROCKETS,107
2004-02-18 02:00:00+00:00,PHILADELPHIA 76ERS,85,DENVER NUGGETS,106
2004-02-18 03:00:00+00:00,BOSTON CELTICS,111,SACRAMENTO KINGS,127
2004-02-18 03:30:00+00:00,PORTLAND TRAIL BLAZERS,86,LOS ANGELES LAKERS,89
2004-02-19 00:00:00+00:00,DALLAS MAVERICKS,114,CLEVELAND CAVALIERS,98
2004-02-19 00:00:00+00:00,UTAH JAZZ,77,ORLANDO MAGIC,90
2004-02-19 00:00:00+00:00,SAN ANTONIO SPURS,86,TORONTO RAPTORS,82
2004-02-19 00:30:00+00:00,MILWAUKEE BUCKS,98,DETROIT PISTONS,102
2004-02-19 00:30:00+00:00,ATLANTA HAWKS,92,NEW JERSEY NETS,98
2004-02-19 01:00:00+00:00,WASHINGTON WIZARDS,98,NEW ORLEANS HORNETS,120
2004-02-19 03:00:00+00:00,LOS ANGELES CLIPPERS,86,PORTLAND TRAIL BLAZERS,101
2004-02-19 03:30:00+00:00,LOS ANGELES LAKERS,100,GOLDEN STATE WARRIORS,99
2004-02-20 00:30:00+00:00,SACRAMENTO KINGS,75,MINNESOTA TIMBERWOLVES,92
2004-02-20 03:00:00+00:00,PHILADELPHIA 76ERS,112,SEATTLE SUPERSONICS,101
2004-02-20 03:30:00+00:00,BOSTON CELTICS,100,LOS ANGELES CLIPPERS,102
2004-02-21 00:00:00+00:00,DENVER NUGGETS,98,ORLANDO MAGIC,102
2004-02-21 00:00:00+00:00,INDIANA PACERS,96,WASHINGTON WIZARDS,87
2004-02-21 00:30:00+00:00,SAN ANTONIO SPURS,87,CLEVELAND CAVALIERS,89
2004-02-21 00:30:00+00:00,ATLANTA HAWKS,92,MIAMI HEAT,125
2004-02-21 00:30:00+00:00,UTAH JAZZ,92,NEW YORK KNICKS,78
2004-02-21 00:30:00+00:00,NEW JERSEY NETS,91,TORONTO RAPTORS,72
2004-02-21 01:00:00+00:00,MINNESOTA TIMBERWOLVES,88,DETROIT PISTONS,87
2004-02-21 01:00:00+00:00,PHOENIX SUNS,92,MEMPHIS GRIZZLIES,97
2004-02-21 01:30:00+00:00,SACRAMENTO KINGS,91,CHICAGO BULLS,83
2004-02-21 03:30:00+00:00,PORTLAND TRAIL BLAZERS,94,GOLDEN STATE WARRIORS,93
2004-02-21 03:30:00+00:00,PHILADELPHIA 76ERS,88,LOS ANGELES LAKERS,116
2004-02-22 00:30:00+00:00,DENVER NUGGETS,81,MIAMI HEAT,97
2004-02-22 00:30:00+00:00,NEW ORLEANS HORNETS,84,NEW JERSEY NETS,97
2004-02-22 01:30:00+00:00,MEMPHIS GRIZZLIES,105,CHICAGO BULLS,98
2004-02-22 01:30:00+00:00,HOUSTON ROCKETS,88,DALLAS MAVERICKS,97
2004-02-22 01:30:00+00:00,LOS ANGELES CLIPPERS,105,MILWAUKEE BUCKS,103
2004-02-22 03:00:00+00:00,BOSTON CELTICS,84,PORTLAND TRAIL BLAZERS,105
2004-02-22 03:30:00+00:00,SEATTLE SUPERSONICS,92,GOLDEN STATE WARRIORS,94
2004-02-22 18:00:00+00:00,CLEVELAND CAVALIERS,92,NEW YORK KNICKS,86
2004-02-22 18:00:00+00:00,SACRAMENTO KINGS,96,TORONTO RAPTORS,81
2004-02-22 20:30:00+00:00,UTAH JAZZ,80,INDIANA PACERS,94
2004-02-22 20:30:00+00:00,SAN ANTONIO SPURS,94,MINNESOTA TIMBERWOLVES,92
2004-02-22 23:00:00+00:00,ORLANDO MAGIC,87,DETROIT PISTONS,86
2004-02-22 23:00:00+00:00,MILWAUKEE BUCKS,113,WASHINGTON WIZARDS,85
2004-02-23 00:00:00+00:00,LOS ANGELES LAKERS,104,PHOENIX SUNS,92
2004-02-23 01:30:00+00:00,ATLANTA HAWKS,121,HOUSTON ROCKETS,123
2004-02-23 02:00:00+00:00,BOSTON CELTICS,87,SEATTLE SUPERSONICS,108
2004-02-24 00:00:00+00:00,NEW ORLEANS HORNETS,100,CLEVELAND CAVALIERS,104
2004-02-24 00:00:00+00:00,DETROIT PISTONS,76,PHILADELPHIA 76ERS,66
2004-02-24 00:30:00+00:00,PORTLAND TRAIL BLAZERS,89,MIAMI HEAT,81
2004-02-24 01:00:00+00:00,DENVER NUGGETS,106,MEMPHIS GRIZZLIES,109
2004-02-25 00:00:00+00:00,GOLDEN STATE WARRIORS,96,INDIANA PACERS,107
2004-02-25 00:00:00+00:00,PORTLAND TRAIL BLAZERS,94,ORLANDO MAGIC,91
2004-02-25 00:30:00+00:00,PHILADELPHIA 76ERS,75,ATLANTA HAWKS,86
2004-02-25 00:30:00+00:00,TORONTO RAPTORS,74,NEW JERSEY NETS,86
2004-02-25 01:00:00+00:00,MINNESOTA TIMBERWOLVES,108,MILWAUKEE BUCKS,102
2004-02-25 01:30:00+00:00,LOS ANGELES CLIPPERS,91,DALLAS MAVERICKS,116
2004-02-25 01:30:00+00:00,HOUSTON ROCKETS,77,SAN ANTONIO SPURS,86
2004-02-25 02:00:00+00:00,SEATTLE SUPERSONICS,86,UTAH JAZZ,99
2004-02-25 03:00:00+00:00,NEW YORK KNICKS,99,SACRAMENTO KINGS,107
2004-02-26 00:00:00+00:00,MILWAUKEE BUCKS,106,BOSTON CELTICS,104
2004-02-26 00:00:00+00:00,WASHINGTON WIZARDS,76,TORONTO RAPTORS,74
2004-02-26 01:00:00+00:00,GOLDEN STATE WARRIORS,99,MEMPHIS GRIZZLIES,92
2004-02-26 01:00:00+00:00,NEW JERSEY NETS,68,MINNESOTA TIMBERWOLVES,81
2004-02-26 01:00:00+00:00,LOS ANGELES CLIPPERS,93,NEW ORLEANS HORNETS,99
2004-02-26 01:30:00+00:00,DETROIT PISTONS,107,CHICAGO BULLS,88
2004-02-26 02:00:00+00:00,LOS ANGELES LAKERS,112,DENVER NUGGETS,111
2004-02-26 02:00:00+00:00,CLEVELAND CAVALIERS,84,HOUSTON ROCKETS,90
2004-02-26 02:00:00+00:00,NEW YORK KNICKS,95,PHOENIX SUNS,113
2004-02-26 03:00:00+00:00,UTAH JAZZ,93,SEATTLE SUPERSONICS,92
2004-02-27 00:00:00+00:00,CHICAGO BULLS,87,WASHINGTON WIZARDS,95
2004-02-27 01:00:00+00:00,SAN ANTONIO SPURS,91,DALLAS MAVERICKS,115
2004-02-27 03:30:00+00:00,SACRAMENTO KINGS,103,LOS ANGELES LAKERS,101
2004-02-28 00:00:00+00:00,TORONTO RAPTORS,75,BOSTON CELTICS,88
2004-02-28 00:00:00+00:00,CLEVELAND CAVALIERS,112,ORLANDO MAGIC,107
2004-02-28 01:00:00+00:00,ATLANTA HAWKS,83,DETROIT PISTONS,105
2004-02-28 01:00:00+00:00,GOLDEN STATE WARRIORS,81,MINNESOTA TIMBERWOLVES,91
2004-02-28 01:00:00+00:00,INDIANA PACERS,77,NEW ORLEANS HORNETS,89
2004-02-28 01:30:00+00:00,PORTLAND TRAIL BLAZERS,85,HOUSTON ROCKETS,89
2004-02-28 01:30:00+00:00,MEMPHIS GRIZZLIES,104,MILWAUKEE BUCKS,106
2004-02-28 02:30:00+00:00,PHOENIX SUNS,104,SEATTLE SUPERSONICS,99
2004-02-28 03:00:00+00:00,UTAH JAZZ,102,SACRAMENTO KINGS,97
2004-02-28 03:30:00+00:00,NEW YORK KNICKS,94,LOS ANGELES CLIPPERS,96
2004-02-28 18:00:00+00:00,MIAMI HEAT,86,NEW JERSEY NETS,92
2004-02-28 20:30:00+00:00,LOS ANGELES LAKERS,122,WASHINGTON WIZARDS,110
2004-02-29 00:00:00+00:00,ORLANDO MAGIC,104,ATLANTA HAWKS,99
2004-02-29 01:00:00+00:00,PHILADELPHIA 76ERS,74,INDIANA PACERS,81
2004-02-29 01:00:00+00:00,NEW ORLEANS HORNETS,92,MEMPHIS GRIZZLIES,97
2004-02-29 01:30:00+00:00,GOLDEN STATE WARRIORS,81,CHICAGO BULLS,87
2004-02-29 01:30:00+00:00,PORTLAND TRAIL BLAZERS,91,DALLAS MAVERICKS,111
2004-02-29 01:30:00+00:00,DENVER NUGGETS,92,SAN ANTONIO SPURS,117
2004-02-29 18:00:00+00:00,BOSTON CELTICS,91,TORONTO RAPTORS,82
2004-02-29 20:00:00+00:00,MIAMI HEAT,104,MILWAUKEE BUCKS,108
2004-02-29 20:30:00+00:00,DETROIT PISTONS,100,LOS ANGELES CLIPPERS,88
2004-02-29 21:00:00+00:00,SEATTLE SUPERSONICS,97,HOUSTON ROCKETS,80
2004-02-29 23:00:00+00:00,LOS ANGELES LAKERS,100,NEW JERSEY NETS,83
2004-03-01 00:30:00+00:00,MINNESOTA TIMBERWOLVES,74,PHILADELPHIA 76ERS,81
2004-03-01 02:00:00+00:00,NEW YORK KNICKS,96,DENVER NUGGETS,107
2004-03-01 02:00:00+00:00,PHOENIX SUNS,94,SACRAMENTO KINGS,108
2004-03-02 00:00:00+00:00,ORLANDO MAGIC,96,BOSTON CELTICS,117
2004-03-02 00:00:00+00:00,NEW ORLEANS HORNETS,106,WASHINGTON WIZARDS,111
2004-03-02 01:30:00+00:00,CLEVELAND CAVALIERS,81,CHICAGO BULLS,92
2004-03-02 01:30:00+00:00,MEMPHIS GRIZZLIES,81,SAN ANTONIO SPURS,80
2004-03-02 02:00:00+00:00,DETROIT PISTONS,86,UTAH JAZZ,94
2004-03-03 00:30:00+00:00,LOS ANGELES LAKERS,93,ATLANTA HAWKS,94
2004-03-03 00:30:00+00:00,TORONTO RAPTORS,89,MIAMI HEAT,86
2004-03-03 01:30:00+00:00,SEATTLE SUPERSONICS,96,DALLAS MAVERICKS,107
2004-03-03 02:00:00+00:00,NEW JERSEY NETS,95,DENVER NUGGETS,91
2004-03-03 03:00:00+00:00,LOS ANGELES CLIPPERS,106,SACRAMENTO KINGS,113
2004-03-03 03:30:00+00:00,INDIANA PACERS,96,GOLDEN STATE WARRIORS,88
2004-03-04 00:00:00+00:00,ATLANTA HAWKS,80,CLEVELAND CAVALIERS,112
2004-03-04 00:00:00+00:00,MILWAUKEE BUCKS,105,ORLANDO MAGIC,97
2004-03-04 00:00:00+00:00,TORONTO RAPTORS,70,WASHINGTON WIZARDS,84
2004-03-04 00:30:00+00:00,PHILADELPHIA 76ERS,77,NEW YORK KNICKS,88
2004-03-04 01:00:00+00:00,DALLAS MAVERICKS,97,MINNESOTA TIMBERWOLVES,121
2004-03-04 01:00:00+00:00,CHICAGO BULLS,97,NEW ORLEANS HORNETS,100
2004-03-04 01:30:00+00:00,SEATTLE SUPERSONICS,84,SAN ANTONIO SPURS,88
2004-03-04 02:00:00+00:00,LOS ANGELES LAKERS,96,HOUSTON ROCKETS,93
2004-03-04 02:00:00+00:00,NEW JERSEY NETS,74,PHOENIX SUNS,87
2004-03-04 03:00:00+00:00,MEMPHIS GRIZZLIES,97,PORTLAND TRAIL BLAZERS,88
2004-03-04 03:30:00+00:00,INDIANA PACERS,101,LOS ANGELES CLIPPERS,94
2004-03-05 00:30:00+00:00,MILWAUKEE BUCKS,98,MIAMI HEAT,104
2004-03-05 00:30:00+00:00,SACRAMENTO KINGS,114,PHILADELPHIA 76ERS,105
2004-03-05 03:00:00+00:00,DETROIT PISTONS,83,PORTLAND TRAIL BLAZERS,68
2004-03-06 00:00:00+00:00,ATLANTA HAWKS,96,ORLANDO MAGIC,101
2004-03-06 00:00:00+00:00,NEW YORK KNICKS,109,TORONTO RAPTORS,103
2004-03-06 00:30:00+00:00,WASHINGTON WIZARDS,90,BOSTON CELTICS,94
2004-03-06 01:00:00+00:00,HOUSTON ROCKETS,112,MINNESOTA TIMBERWOLVES,109
2004-03-06 01:00:00+00:00,CLEVELAND CAVALIERS,88,NEW ORLEANS HORNETS,85
2004-03-06 01:00:00+00:00,DALLAS MAVERICKS,100,SAN ANTONIO SPURS,113
2004-03-06 02:00:00+00:00,INDIANA PACERS,96,UTAH JAZZ,88
2004-03-06 03:30:00+00:00,NEW JERSEY NETS,78,GOLDEN STATE WARRIORS,74
2004-03-06 03:30:00+00:00,SEATTLE SUPERSONICS,91,LOS ANGELES LAKERS,99
2004-03-06 20:30:00+00:00,MEMPHIS GRIZZLIES,98,LOS ANGELES CLIPPERS,92
2004-03-06 20:30:00+00:00,SACRAMENTO KINGS,96,MIAMI HEAT,102
2004-03-07 00:00:00+00:00,CHICAGO BULLS,88,PHILADELPHIA 76ERS,97
2004-03-07 00:30:00+00:00,MILWAUKEE BUCKS,97,CLEVELAND CAVALIERS,106
2004-03-07 02:00:00+00:00,DETROIT PISTONS,97,DENVER NUGGETS,66
2004-03-07 02:00:00+00:00,SAN ANTONIO SPURS,107,PHOENIX SUNS,86
2004-03-07 03:00:00+00:00,UTAH JAZZ,70,PORTLAND TRAIL BLAZERS,91
2004-03-07 18:00:00+00:00,DALLAS MAVERICKS,98,HOUSTON ROCKETS,101
2004-03-07 18:00:00+00:00,NEW ORLEANS HORNETS,76,TORONTO RAPTORS,84
2004-03-07 19:00:00+00:00,NEW YORK KNICKS,99,WASHINGTON WIZARDS,86
2004-03-07 20:30:00+00:00,NEW JERSEY NETS,88,LOS ANGELES LAKERS,94
2004-03-07 23:00:00+00:00,SACRAMENTO KINGS,107,ORLANDO MAGIC,90
2004-03-08 00:30:00+00:00,BOSTON CELTICS,80,MINNESOTA TIMBERWOLVES,77
2004-03-08 02:00:00+00:00,MEMPHIS GRIZZLIES,95,GOLDEN STATE WARRIORS,85
2004-03-08 02:00:00+00:00,DETROIT PISTONS,86,SEATTLE SUPERSONICS,65
2004-03-08 02:30:00+00:00,PORTLAND TRAIL BLAZERS,71,LOS ANGELES CLIPPERS,91
2004-03-08 03:00:00+00:00,INDIANA PACERS,103,DENVER NUGGETS,94
2004-03-09 00:00:00+00:00,MILWAUKEE BUCKS,92,PHILADELPHIA 76ERS,97
2004-03-09 00:30:00+00:00,CLEVELAND CAVALIERS,108,ATLANTA HAWKS,102
2004-03-09 01:30:00+00:00,PHOENIX SUNS,90,DALLAS MAVERICKS,103
2004-03-09 02:00:00+00:00,LOS ANGELES LAKERS,83,UTAH JAZZ,88
2004-03-10 00:00:00+00:00,TORONTO RAPTORS,84,INDIANA PACERS,94
2004-03-10 00:00:00+00:00,DENVER NUGGETS,117,WASHINGTON WIZARDS,87
2004-03-10 00:30:00+00:00,ORLANDO MAGIC,89,MIAMI HEAT,100
2004-03-10 00:30:00+00:00,BOSTON CELTICS,87,NEW YORK KNICKS,84
2004-03-10 01:00:00+00:00,SAN ANTONIO SPURS,88,MEMPHIS GRIZZLIES,94
2004-03-10 01:30:00+00:00,PHILADELPHIA 76ERS,89,CHICAGO BULLS,81
2004-03-10 01:30:00+00:00,LOS ANGELES CLIPPERS,85,HOUSTON ROCKETS,90
2004-03-10 03:00:00+00:00,GOLDEN STATE WARRIORS,92,SACRAMENTO KINGS,96
2004-03-10 03:00:00+00:00,MINNESOTA TIMBERWOLVES,105,SEATTLE SUPERSONICS,92
2004-03-11 00:00:00+00:00,LOS ANGELES LAKERS,117,BOSTON CELTICS,109
2004-03-11 00:00:00+00:00,WASHINGTON WIZARDS,99,ORLANDO MAGIC,108
2004-03-11 00:00:00+00:00,CLEVELAND CAVALIERS,106,TORONTO RAPTORS,92
2004-03-11 00:30:00+00:00,CHICAGO BULLS,65,DETROIT PISTONS,98
2004-03-11 00:30:00+00:00,DENVER NUGGETS,97,NEW JERSEY NETS,98
2004-03-11 01:00:00+00:00,ATLANTA HAWKS,80,MILWAUKEE BUCKS,94
2004-03-11 01:00:00+00:00,MIAMI HEAT,84,NEW ORLEANS HORNETS,95
2004-03-11 01:30:00+00:00,LOS ANGELES CLIPPERS,90,SAN ANTONIO SPURS,108
2004-03-11 02:00:00+00:00,GOLDEN STATE WARRIORS,77,UTAH JAZZ,91
2004-03-11 03:00:00+00:00,MINNESOTA TIMBERWOLVES,79,PORTLAND TRAIL BLAZERS,92
2004-03-12 00:30:00+00:00,NEW ORLEANS HORNETS,86,HOUSTON ROCKETS,97
2004-03-12 03:00:00+00:00,DALLAS MAVERICKS,102,SACRAMENTO KINGS,120
2004-03-13 00:00:00+00:00,NEW YORK KNICKS,94,PHILADELPHIA 76ERS,99
2004-03-13 00:30:00+00:00,WASHINGTON WIZARDS,124,ATLANTA HAWKS,138
2004-03-13 00:30:00+00:00,INDIANA PACERS,99,BOSTON CELTICS,81
2004-03-13 00:30:00+00:00,SEATTLE SUPERSONICS,74,MIAMI HEAT,82
2004-03-13 00:30:00+00:00,CHICAGO BULLS,76,NEW JERSEY NETS,88
2004-03-13 01:00:00+00:00,LOS ANGELES CLIPPERS,89,MEMPHIS GRIZZLIES,98
2004-03-13 01:00:00+00:00,LOS ANGELES LAKERS,86,MINNESOTA TIMBERWOLVES,96
2004-03-13 01:30:00+00:00,DENVER NUGGETS,117,MILWAUKEE BUCKS,111
2004-03-13 01:30:00+00:00,GOLDEN STATE WARRIORS,74,SAN ANTONIO SPURS,99
2004-03-13 02:00:00+00:00,UTAH JAZZ,99,PHOENIX SUNS,90
2004-03-13 03:00:00+00:00,SACRAMENTO KINGS,81,PORTLAND TRAIL BLAZERS,83
2004-03-14 00:00:00+00:00,SEATTLE SUPERSONICS,115,ORLANDO MAGIC,101
2004-03-14 00:00:00+00:00,BOSTON CELTICS,111,WASHINGTON WIZARDS,102
2004-03-14 01:00:00+00:00,GOLDEN STATE WARRIORS,84,NEW ORLEANS HORNETS,102
2004-03-14 01:30:00+00:00,LOS ANGELES LAKERS,88,CHICAGO BULLS,81
2004-03-14 01:30:00+00:00,MEMPHIS GRIZZLIES,80,HOUSTON ROCKETS,88
2004-03-14 02:00:00+00:00,DALLAS MAVERICKS,113,PHOENIX SUNS,90
2004-03-14 18:00:00+00:00,PHILADELPHIA 76ERS,69,DETROIT PISTONS,85
2004-03-14 18:00:00+00:00,ATLANTA HAWKS,84,TORONTO RAPTORS,101
2004-03-14 20:00:00+00:00,INDIANA PACERS,104,CLEVELAND CAVALIERS,107
2004-03-14 20:30:00+00:00,NEW YORK KNICKS,103,MILWAUKEE BUCKS,100
2004-03-14 20:30:00+00:00,PORTLAND TRAIL BLAZERS,92,MINNESOTA TIMBERWOLVES,83
2004-03-14 20:30:00+00:00,SAN ANTONIO SPURS,87,SACRAMENTO KINGS,101
2004-03-14 23:00:00+00:00,NEW JERSEY NETS,95,MIAMI HEAT,104
2004-03-15 03:00:00+00:00,UTAH JAZZ,75,DENVER NUGGETS,102
2004-03-15 03:30:00+00:00,DALLAS MAVERICKS,101,LOS ANGELES CLIPPERS,88
2004-03-16 00:30:00+00:00,PHOENIX SUNS,99,HOUSTON ROCKETS,97
2004-03-16 03:00:00+00:00,SAN ANTONIO SPURS,80,GOLDEN STATE WARRIORS,97
2004-03-16 03:30:00+00:00,ORLANDO MAGIC,110,LOS ANGELES LAKERS,113
2004-03-17 00:00:00+00:00,CHICAGO BULLS,87,CLEVELAND CAVALIERS,111
2004-03-17 00:30:00+00:00,SEATTLE SUPERSONICS,118,ATLANTA HAWKS,110
2004-03-17 00:30:00+00:00,NEW ORLEANS HORNETS,83,MIAMI HEAT,96
2004-03-17 00:30:00+00:00,SACRAMENTO KINGS,77,NEW JERSEY NETS,94
2004-03-17 00:30:00+00:00,WASHINGTON WIZARDS,110,NEW YORK KNICKS,114
2004-03-17 01:00:00+00:00,PHILADELPHIA 76ERS,79,MEMPHIS GRIZZLIES,82
2004-03-17 01:00:00+00:00,PORTLAND TRAIL BLAZERS,100,MILWAUKEE BUCKS,99
2004-03-17 02:00:00+00:00,LOS ANGELES CLIPPERS,110,PHOENIX SUNS,98
2004-03-18 00:00:00+00:00,DENVER NUGGETS,100,BOSTON CELTICS,104
2004-03-18 00:00:00+00:00,PORTLAND TRAIL BLAZERS,71,INDIANA PACERS,80
2004-03-18 00:00:00+00:00,SACRAMENTO KINGS,108,WASHINGTON WIZARDS,114
2004-03-18 00:30:00+00:00,UTAH JAZZ,81,TORONTO RAPTORS,85
2004-03-18 01:00:00+00:00,PHILADELPHIA 76ERS,80,NEW ORLEANS HORNETS,104
2004-03-18 01:30:00+00:00,ATLANTA HAWKS,111,DALLAS MAVERICKS,110
2004-03-18 03:30:00+00:00,ORLANDO MAGIC,85,GOLDEN STATE WARRIORS,110
2004-03-18 03:30:00+00:00,LOS ANGELES LAKERS,106,LOS ANGELES CLIPPERS,103
2004-03-19 00:00:00+00:00,DETROIT PISTONS,89,NEW JERSEY NETS,71
2004-03-19 01:00:00+00:00,SEATTLE SUPERSONICS,97,MEMPHIS GRIZZLIES,94
2004-03-19 02:30:00+00:00,MINNESOTA TIMBERWOLVES,86,SAN ANTONIO SPURS,106
2004-03-20 00:00:00+00:00,CHICAGO BULLS,96,TORONTO RAPTORS,91
2004-03-20 00:00:00+00:00,ATLANTA HAWKS,84,WASHINGTON WIZARDS,94
2004-03-20 00:30:00+00:00,UTAH JAZZ,97,CLEVELAND CAVALIERS,88
2004-03-20 00:30:00+00:00,SACRAMENTO KINGS,94,INDIANA PACERS,92
2004-03-20 00:30:00+00:00,NEW JERSEY NETS,65,NEW YORK KNICKS,79
2004-03-20 01:00:00+00:00,BOSTON CELTICS,104,DALLAS MAVERICKS,120
2004-03-20 01:00:00+00:00,DENVER NUGGETS,75,DETROIT PISTONS,94
2004-03-20 01:00:00+00:00,SEATTLE SUPERSONICS,91,NEW ORLEANS HORNETS,80
2004-03-20 02:00:00+00:00,MINNESOTA TIMBERWOLVES,93,PHOENIX SUNS,80
2004-03-20 03:30:00+00:00,HOUSTON ROCKETS,84,GOLDEN STATE WARRIORS,90
2004-03-20 03:30:00+00:00,LOS ANGELES CLIPPERS,100,LOS ANGELES LAKERS,106
2004-03-20 18:00:00+00:00,PHILADELPHIA 76ERS,69,MIAMI HEAT,101
2004-03-21 00:00:00+00:00,UTAH JAZZ,87,ATLANTA HAWKS,81
2004-03-21 01:00:00+00:00,INDIANA PACERS,95,MEMPHIS GRIZZLIES,99
2004-03-21 01:30:00+00:00,NEW YORK KNICKS,81,CHICAGO BULLS,87
2004-03-21 01:30:00+00:00,BOSTON CELTICS,87,SAN ANTONIO SPURS,103
2004-03-21 02:00:00+00:00,MILWAUKEE BUCKS,111,PHOENIX SUNS,123
2004-03-21 03:00:00+00:00,ORLANDO MAGIC,73,PORTLAND TRAIL BLAZERS,92
2004-03-21 18:30:00+00:00,DALLAS MAVERICKS,101,NEW JERSEY NETS,98
2004-03-21 20:30:00+00:00,GOLDEN STATE WARRIORS,96,LOS ANGELES CLIPPERS,85
2004-03-21 21:00:00+00:00,DETROIT PISTONS,96,CLEVELAND CAVALIERS,76
2004-03-21 21:00:00+00:00,DENVER NUGGETS,77,MINNESOTA TIMBERWOLVES,98
2004-03-21 21:00:00+00:00,MIAMI HEAT,101,WASHINGTON WIZARDS,81
2004-03-22 00:00:00+00:00,TORONTO RAPTORS,121,NEW ORLEANS HORNETS,120
2004-03-22 00:30:00+00:00,HOUSTON ROCKETS,95,SACRAMENTO KINGS,100
2004-03-22 02:00:00+00:00,ORLANDO MAGIC,67,SEATTLE SUPERSONICS,84
2004-03-22 02:30:00+00:00,MILWAUKEE BUCKS,103,LOS ANGELES LAKERS,104
2004-03-23 00:00:00+00:00,CHICAGO BULLS,77,INDIANA PACERS,101
2004-03-23 00:00:00+00:00,DALLAS MAVERICKS,98,PHILADELPHIA 76ERS,107
2004-03-23 00:30:00+00:00,ATLANTA HAWKS,84,NEW YORK KNICKS,96
2004-03-23 02:00:00+00:00,LOS ANGELES CLIPPERS,80,DENVER NUGGETS,102
2004-03-23 03:00:00+00:00,HOUSTON ROCKETS,93,PORTLAND TRAIL BLAZERS,85
2004-03-24 00:00:00+00:00,PHOENIX SUNS,103,CLEVELAND CAVALIERS,86
2004-03-24 01:00:00+00:00,TORONTO RAPTORS,86,MEMPHIS GRIZZLIES,95
2004-03-24 01:00:00+00:00,SAN ANTONIO SPURS,81,MINNESOTA TIMBERWOLVES,86
2004-03-24 01:00:00+00:00,DETROIT PISTONS,81,NEW ORLEANS HORNETS,82
2004-03-24 01:30:00+00:00,NEW JERSEY NETS,84,CHICAGO BULLS,81
2004-03-24 02:00:00+00:00,WASHINGTON WIZARDS,77,UTAH JAZZ,85
2004-03-24 03:00:00+00:00,MILWAUKEE BUCKS,112,SACRAMENTO KINGS,101
2004-03-25 00:00:00+00:00,MIAMI HEAT,105,ORLANDO MAGIC,90
2004-03-25 00:00:00+00:00,PHOENIX SUNS,94,PHILADELPHIA 76ERS,99
2004-03-25 00:30:00+00:00,MEMPHIS GRIZZLIES,111,NEW YORK KNICKS,97
2004-03-25 01:00:00+00:00,DALLAS MAVERICKS,99,INDIANA PACERS,103
2004-03-25 01:30:00+00:00,TORONTO RAPTORS,89,HOUSTON ROCKETS,90
2004-03-25 02:00:00+00:00,MINNESOTA TIMBERWOLVES,92,DENVER NUGGETS,101
2004-03-25 03:00:00+00:00,LOS ANGELES CLIPPERS,85,PORTLAND TRAIL BLAZERS,91
2004-03-25 03:00:00+00:00,UTAH JAZZ,77,SEATTLE SUPERSONICS,84
2004-03-25 03:30:00+00:00,MILWAUKEE BUCKS,89,GOLDEN STATE WARRIORS,98
2004-03-25 03:30:00+00:00,SACRAMENTO KINGS,91,LOS ANGELES LAKERS,115
2004-03-26 00:30:00+00:00,NEW ORLEANS HORNETS,76,ATLANTA HAWKS,84
2004-03-26 01:30:00+00:00,DETROIT PISTONS,75,SAN ANTONIO SPURS,84
2004-03-26 03:30:00+00:00,WASHINGTON WIZARDS,103,LOS ANGELES CLIPPERS,94
2004-03-27 00:00:00+00:00,INDIANA PACERS,107,ORLANDO MAGIC,92
2004-03-27 00:00:00+00:00,CLEVELAND CAVALIERS,71,PHILADELPHIA 76ERS,86
2004-03-27 00:30:00+00:00,DALLAS MAVERICKS,118,MIAMI HEAT,119
2004-03-27 00:30:00+00:00,TORONTO RAPTORS,101,NEW YORK KNICKS,108
2004-03-27 01:00:00+00:00,NEW JERSEY NETS,93,BOSTON CELTICS,102
2004-03-27 01:00:00+00:00,HOUSTON ROCKETS,86,MEMPHIS GRIZZLIES,109
2004-03-27 01:00:00+00:00,PHOENIX SUNS,99,NEW ORLEANS HORNETS,94
2004-03-27 01:30:00+00:00,MILWAUKEE BUCKS,115,CHICAGO BULLS,105
2004-03-27 03:30:00+00:00,WASHINGTON WIZARDS,78,GOLDEN STATE WARRIORS,99
2004-03-27 03:30:00+00:00,MINNESOTA TIMBERWOLVES,73,LOS ANGELES LAKERS,90
2004-03-27 03:30:00+00:00,DENVER NUGGETS,86,SEATTLE SUPERSONICS,102
2004-03-28 00:00:00+00:00,CHICAGO BULLS,88,ATLANTA HAWKS,97
2004-03-28 00:30:00+00:00,NEW JERSEY NETS,104,CLEVELAND CAVALIERS,107
2004-03-28 00:30:00+00:00,NEW YORK KNICKS,85,DETROIT PISTONS,100
2004-03-28 01:30:00+00:00,PHOENIX SUNS,76,SAN ANTONIO SPURS,105
2004-03-28 02:00:00+00:00,DENVER NUGGETS,83,UTAH JAZZ,85
2004-03-28 03:00:00+00:00,SEATTLE SUPERSONICS,108,PORTLAND TRAIL BLAZERS,115
2004-03-28 03:30:00+00:00,MINNESOTA TIMBERWOLVES,98,LOS ANGELES CLIPPERS,82
2004-03-28 18:00:00+00:00,MEMPHIS GRIZZLIES,94,TORONTO RAPTORS,88
2004-03-28 18:30:00+00:00,DALLAS MAVERICKS,118,ORLANDO MAGIC,88
2004-03-28 21:00:00+00:00,HOUSTON ROCKETS,111,MILWAUKEE BUCKS,107
2004-03-28 22:00:00+00:00,MIAMI HEAT,80,INDIANA PACERS,87
2004-03-28 23:30:00+00:00,PHILADELPHIA 76ERS,65,BOSTON CELTICS,89
2004-03-29 00:00:00+00:00,WASHINGTON WIZARDS,92,SACRAMENTO KINGS,100
2004-03-29 02:00:00+00:00,LOS ANGELES CLIPPERS,77,GOLDEN STATE WARRIORS,105
2004-03-29 02:30:00+00:00,UTAH JAZZ,84,LOS ANGELES LAKERS,91
2004-03-30 00:30:00+00:00,MEMPHIS GRIZZLIES,136,ATLANTA HAWKS,133
2004-03-30 00:30:00+00:00,CHICAGO BULLS,96,MIAMI HEAT,105
2004-03-30 00:30:00+00:00,BOSTON CELTICS,84,NEW JERSEY NETS,80
2004-03-30 00:30:00+00:00,PORTLAND TRAIL BLAZERS,91,NEW YORK KNICKS,92
2004-03-30 01:30:00+00:00,MINNESOTA TIMBERWOLVES,94,HOUSTON ROCKETS,88
2004-03-30 01:30:00+00:00,CLEVELAND CAVALIERS,93,SAN ANTONIO SPURS,101
2004-03-30 02:00:00+00:00,WASHINGTON WIZARDS,95,PHOENIX SUNS,101
2004-03-31 00:00:00+00:00,GOLDEN STATE WARRIORS,71,PHILADELPHIA 76ERS,95
2004-03-31 01:00:00+00:00,INDIANA PACERS,86,MILWAUKEE BUCKS,95
2004-03-31 01:30:00+00:00,CLEVELAND CAVALIERS,109,DALLAS MAVERICKS,126
2004-03-31 02:00:00+00:00,SEATTLE SUPERSONICS,119,DENVER NUGGETS,124
2004-03-31 03:30:00+00:00,NEW ORLEANS HORNETS,88,LOS ANGELES LAKERS,107
2004-04-01 00:00:00+00:00,PORTLAND TRAIL BLAZERS,105,BOSTON CELTICS,98
2004-04-01 00:00:00+00:00,MILWAUKEE BUCKS,78,INDIANA PACERS,111
2004-04-01 00:00:00+00:00,CHICAGO BULLS,109,ORLANDO MAGIC,91
2004-04-01 00:00:00+00:00,NEW JERSEY NETS,103,WASHINGTON WIZARDS,99
2004-04-01 00:30:00+00:00,MIAMI HEAT,100,ATLANTA HAWKS,97
2004-04-01 00:30:00+00:00,LOS ANGELES CLIPPERS,99,DETROIT PISTONS,108
2004-04-01 00:30:00+00:00,GOLDEN STATE WARRIORS,85,TORONTO RAPTORS,78
2004-04-01 01:00:00+00:00,SEATTLE SUPERSONICS,83,MINNESOTA TIMBERWOLVES,90
2004-04-01 01:30:00+00:00,SACRAMENTO KINGS,89,SAN ANTONIO SPURS,107
2004-04-01 02:00:00+00:00,NEW ORLEANS HORNETS,76,UTAH JAZZ,89
2004-04-02 00:00:00+00:00,PORTLAND TRAIL BLAZERS,88,PHILADELPHIA 76ERS,82
2004-04-02 01:00:00+00:00,SACRAMENTO KINGS,117,DALLAS MAVERICKS,127
2004-04-02 03:30:00+00:00,HOUSTON ROCKETS,85,LOS ANGELES LAKERS,93
2004-04-03 00:00:00+00:00,ATLANTA HAWKS,95,ORLANDO MAGIC,87
2004-04-03 00:30:00+00:00,GOLDEN STATE WARRIORS,106,BOSTON CELTICS,111
2004-04-03 00:30:00+00:00,TORONTO RAPTORS,64,INDIANA PACERS,84
2004-04-03 01:00:00+00:00,MIAMI HEAT,84,DETROIT PISTONS,92
2004-04-03 01:00:00+00:00,PHOENIX SUNS,99,MEMPHIS GRIZZLIES,109
2004-04-03 01:00:00+00:00,WASHINGTON WIZARDS,73,MINNESOTA TIMBERWOLVES,91
2004-04-03 01:00:00+00:00,NEW YORK KNICKS,83,NEW JERSEY NETS,108
2004-04-03 01:30:00+00:00,LOS ANGELES CLIPPERS,110,CHICAGO BULLS,114
2004-04-03 01:30:00+00:00,CLEVELAND CAVALIERS,89,MILWAUKEE BUCKS,107
2004-04-03 02:00:00+00:00,HOUSTON ROCKETS,100,DENVER NUGGETS,110
2004-04-03 02:00:00+00:00,SAN ANTONIO SPURS,94,UTAH JAZZ,81
2004-04-03 03:30:00+00:00,LOS ANGELES LAKERS,97,SEATTLE SUPERSONICS,86
2004-04-04 00:00:00+00:00,NEW YORK KNICKS,86,PHILADELPHIA 76ERS,75
2004-04-04 00:30:00+00:00,GOLDEN STATE WARRIORS,103,CLEVELAND CAVALIERS,100
2004-04-04 01:30:00+00:00,MIAMI HEAT,97,CHICAGO BULLS,83
2004-04-04 01:30:00+00:00,PHOENIX SUNS,103,DALLAS MAVERICKS,124
2004-04-04 03:00:00+00:00,NEW ORLEANS HORNETS,94,PORTLAND TRAIL BLAZERS,81
2004-04-04 17:00:00+00:00,INDIANA PACERS,61,DETROIT PISTONS,79
2004-04-04 17:00:00+00:00,SACRAMENTO KINGS,99,HOUSTON ROCKETS,94
2004-04-04 17:00:00+00:00,MILWAUKEE BUCKS,90,TORONTO RAPTORS,83
2004-04-04 18:00:00+00:00,BOSTON CELTICS,102,WASHINGTON WIZARDS,112
2004-04-04 19:30:00+00:00,SAN ANTONIO SPURS,95,LOS ANGELES LAKERS,89
2004-04-04 19:30:00+00:00,MEMPHIS GRIZZLIES,82,MINNESOTA TIMBERWOLVES,90
2004-04-05 00:00:00+00:00,ATLANTA HAWKS,89,NEW JERSEY NETS,106
2004-04-05 01:00:00+00:00,NEW ORLEANS HORNETS,88,SEATTLE SUPERSONICS,96
2004-04-05 01:30:00+00:00,UTAH JAZZ,97,LOS ANGELES CLIPPERS,92
2004-04-06 01:00:00+00:00,MEMPHIS GRIZZLIES,81,UTAH JAZZ,92
2004-04-06 23:30:00+00:00,PHILADELPHIA 76ERS,103,ATLANTA HAWKS,100
2004-04-06 23:30:00+00:00,TORONTO RAPTORS,87,CLEVELAND CAVALIERS,86
2004-04-06 23:30:00+00:00,ORLANDO MAGIC,86,DETROIT PISTONS,102
2004-04-06 23:30:00+00:00,MILWAUKEE BUCKS,103,NEW JERSEY NETS,98
2004-04-07 00:00:00+00:00,NEW YORK KNICKS,86,INDIANA PACERS,107
2004-04-07 00:30:00+00:00,SEATTLE SUPERSONICS,108,DALLAS MAVERICKS,118
2004-04-07 02:00:00+00:00,PORTLAND TRAIL BLAZERS,91,LOS ANGELES LAKERS,80
2004-04-07 02:00:00+00:00,NEW ORLEANS HORNETS,91,SACRAMENTO KINGS,105
2004-04-07 02:30:00+00:00,HOUSTON ROCKETS,90,GOLDEN STATE WARRIORS,97
2004-04-07 23:30:00+00:00,BOSTON CELTICS,101,MIAMI HEAT,104
2004-04-07 23:30:00+00:00,CHICAGO BULLS,82,NEW YORK KNICKS,96
2004-04-07 23:30:00+00:00,INDIANA PACERS,94,TORONTO RAPTORS,90
2004-04-08 00:00:00+00:00,CLEVELAND CAVALIERS,74,MEMPHIS GRIZZLIES,92
2004-04-08 00:00:00+00:00,WASHINGTON WIZARDS,107,MILWAUKEE BUCKS,116
2004-04-08 00:30:00+00:00,SEATTLE SUPERSONICS,75,SAN ANTONIO SPURS,96
2004-04-08 02:00:00+00:00,DENVER NUGGETS,111,PHOENIX SUNS,96
2004-04-08 02:00:00+00:00,GOLDEN STATE WARRIORS,81,PORTLAND TRAIL BLAZERS,87
2004-04-08 02:30:00+00:00,HOUSTON ROCKETS,102,LOS ANGELES CLIPPERS,79
2004-04-08 23:30:00+00:00,ORLANDO MAGIC,81,NEW JERSEY NETS,101
2004-04-09 00:30:00+00:00,UTAH JAZZ,94,DALLAS MAVERICKS,117
2004-04-09 02:00:00+00:00,MINNESOTA TIMBERWOLVES,94,SACRAMENTO KINGS,86
2004-04-09 23:00:00+00:00,WASHINGTON WIZARDS,83,PHILADELPHIA 76ERS,80
2004-04-09 23:30:00+00:00,CLEVELAND CAVALIERS,91,MIAMI HEAT,106
2004-04-10 00:00:00+00:00,TORONTO RAPTORS,66,DETROIT PISTONS,74
2004-04-10 00:00:00+00:00,NEW JERSEY NETS,80,INDIANA PACERS,90
2004-04-10 00:00:00+00:00,BOSTON CELTICS,80,NEW ORLEANS HORNETS,89
2004-04-10 00:30:00+00:00,ATLANTA HAWKS,116,CHICAGO BULLS,101
2004-04-10 00:30:00+00:00,DENVER NUGGETS,103,HOUSTON ROCKETS,106
2004-04-10 00:30:00+00:00,PORTLAND TRAIL BLAZERS,74,SAN ANTONIO SPURS,84
2004-04-10 02:30:00+00:00,MINNESOTA TIMBERWOLVES,92,GOLDEN STATE WARRIORS,74
2004-04-10 02:30:00+00:00,MEMPHIS GRIZZLIES,95,LOS ANGELES LAKERS,103
2004-04-10 02:30:00+00:00,SACRAMENTO KINGS,96,PHOENIX SUNS,101
2004-04-10 19:30:00+00:00,DALLAS MAVERICKS,99,SEATTLE SUPERSONICS,119
2004-04-10 23:00:00+00:00,BOSTON CELTICS,99,ATLANTA HAWKS,110
2004-04-10 23:00:00+00:00,DETROIT PISTONS,101,ORLANDO MAGIC,89
2004-04-10 23:00:00+00:00,NEW YORK KNICKS,102,WASHINGTON WIZARDS,98
2004-04-10 23:30:00+00:00,MIAMI HEAT,80,CLEVELAND CAVALIERS,91
2004-04-11 00:30:00+00:00,NEW ORLEANS HORNETS,92,MILWAUKEE BUCKS,87
2004-04-11 01:00:00+00:00,PORTLAND TRAIL BLAZERS,100,DENVER NUGGETS,110
2004-04-11 01:00:00+00:00,HOUSTON ROCKETS,69,UTAH JAZZ,82
2004-04-11 17:00:00+00:00,PHILADELPHIA 76ERS,75,NEW JERSEY NETS,89
2004-04-11 17:00:00+00:00,CHICAGO BULLS,114,TORONTO RAPTORS,108
2004-04-11 19:30:00+00:00,LOS ANGELES LAKERS,85,SACRAMENTO KINGS,102
2004-04-12 01:00:00+00:00,DALLAS MAVERICKS,107,GOLDEN STATE WARRIORS,108
2004-04-12 01:00:00+00:00,MEMPHIS GRIZZLIES,83,PHOENIX SUNS,89
2004-04-12 01:30:00+00:00,SAN ANTONIO SPURS,88,LOS ANGELES CLIPPERS,79
2004-04-12 23:00:00+00:00,MIAMI HEAT,84,BOSTON CELTICS,77
2004-04-12 23:00:00+00:00,MILWAUKEE BUCKS,89,CLEVELAND CAVALIERS,93
2004-04-12 23:30:00+00:00,NEW JERSEY NETS,107,ATLANTA HAWKS,129
2004-04-12 23:30:00+00:00,WASHINGTON WIZARDS,79,DETROIT PISTONS,101
2004-04-12 23:30:00+00:00,INDIANA PACERS,107,PHILADELPHIA 76ERS,93
2004-04-13 00:00:00+00:00,UTAH JAZZ,90,MINNESOTA TIMBERWOLVES,104
2004-04-13 00:00:00+00:00,NEW YORK KNICKS,101,NEW ORLEANS HORNETS,97
2004-04-13 00:30:00+00:00,ORLANDO MAGIC,93,CHICAGO BULLS,84
2004-04-13 01:00:00+00:00,SACRAMENTO KINGS,89,DENVER NUGGETS,97
2004-04-13 02:00:00+00:00,SAN ANTONIO SPURS,78,PORTLAND TRAIL BLAZERS,66
2004-04-13 02:00:00+00:00,HOUSTON ROCKETS,111,SEATTLE SUPERSONICS,107
2004-04-13 23:30:00+00:00,DETROIT PISTONS,78,TORONTO RAPTORS,87
2004-04-14 00:30:00+00:00,MEMPHIS GRIZZLIES,103,DALLAS MAVERICKS,110
2004-04-14 02:00:00+00:00,LOS ANGELES CLIPPERS,98,PHOENIX SUNS,96
2004-04-14 02:30:00+00:00,GOLDEN STATE WARRIORS,104,LOS ANGELES LAKERS,109
2004-04-14 23:00:00+00:00,ATLANTA HAWKS,132,BOSTON CELTICS,137
2004-04-14 23:00:00+00:00,PHILADELPHIA 76ERS,89,ORLANDO MAGIC,95
2004-04-14 23:00:00+00:00,NEW ORLEANS HORNETS,94,WASHINGTON WIZARDS,78
2004-04-14 23:30:00+00:00,NEW JERSEY NETS,84,MIAMI HEAT,96
2004-04-14 23:30:00+00:00,CLEVELAND CAVALIERS,100,NEW YORK KNICKS,90
2004-04-15 00:00:00+00:00,CHICAGO BULLS,96,INDIANA PACERS,101
2004-04-15 00:00:00+00:00,MINNESOTA TIMBERWOLVES,107,MEMPHIS GRIZZLIES,90
2004-04-15 00:00:00+00:00,TORONTO RAPTORS,89,MILWAUKEE BUCKS,87
2004-04-15 00:30:00+00:00,DENVER NUGGETS,67,SAN ANTONIO SPURS,93
2004-04-15 01:00:00+00:00,PHOENIX SUNS,89,UTAH JAZZ,84
2004-04-15 01:30:00+00:00,DALLAS MAVERICKS,92,HOUSTON ROCKETS,89
2004-04-15 02:00:00+00:00,LOS ANGELES LAKERS,105,PORTLAND TRAIL BLAZERS,104
2004-04-15 02:30:00+00:00,SACRAMENTO KINGS,91,GOLDEN STATE WARRIORS,97
2004-04-15 02:30:00+00:00,SEATTLE SUPERSONICS,118,LOS ANGELES CLIPPERS,87
2004-04-17 18:00:00+00:00,BOSTON CELTICS,88,INDIANA PACERS,104
2004-04-17 20:30:00+00:00,NEW YORK KNICKS,83,NEW JERSEY NETS,107
2004-04-18 00:00:00+00:00,MEMPHIS GRIZZLIES,74,SAN ANTONIO SPURS,98
2004-04-18 02:30:00+00:00,HOUSTON ROCKETS,71,LOS ANGELES LAKERS,72
2004-04-18 17:00:00+00:00,MILWAUKEE BUCKS,82,DETROIT PISTONS,108
2004-04-18 19:30:00+00:00,DALLAS MAVERICKS,105,SACRAMENTO KINGS,116
2004-04-18 23:00:00+00:00,NEW ORLEANS HORNETS,79,MIAMI HEAT,81
2004-04-19 01:30:00+00:00,DENVER NUGGETS,92,MINNESOTA TIMBERWOLVES,106
2004-04-20 00:00:00+00:00,MEMPHIS GRIZZLIES,70,SAN ANTONIO SPURS,87
2004-04-20 02:30:00+00:00,HOUSTON ROCKETS,84,LOS ANGELES LAKERS,98
2004-04-21 00:00:00+00:00,NEW YORK KNICKS,81,NEW JERSEY NETS,99
2004-04-21 00:30:00+00:00,BOSTON CELTICS,90,INDIANA PACERS,103
2004-04-21 02:30:00+00:00,DALLAS MAVERICKS,79,SACRAMENTO KINGS,83
2004-04-21 23:00:00+00:00,MILWAUKEE BUCKS,92,DETROIT PISTONS,88
2004-04-22 00:00:00+00:00,NEW ORLEANS HORNETS,63,MIAMI HEAT,93
2004-04-22 01:30:00+00:00,DENVER NUGGETS,81,MINNESOTA TIMBERWOLVES,95
2004-04-22 23:00:00+00:00,NEW JERSEY NETS,81,NEW YORK KNICKS,78
2004-04-23 01:30:00+00:00,SAN ANTONIO SPURS,95,MEMPHIS GRIZZLIES,93
2004-04-23 23:00:00+00:00,INDIANA PACERS,108,BOSTON CELTICS,85
2004-04-24 01:30:00+00:00,LOS ANGELES LAKERS,91,HOUSTON ROCKETS,102
2004-04-24 17:00:00+00:00,MIAMI HEAT,71,NEW ORLEANS HORNETS,77
2004-04-24 19:30:00+00:00,DETROIT PISTONS,95,MILWAUKEE BUCKS,85
2004-04-24 23:00:00+00:00,SACRAMENTO KINGS,79,DALLAS MAVERICKS,104
2004-04-25 01:30:00+00:00,MINNESOTA TIMBERWOLVES,86,DENVER NUGGETS,107
2004-04-25 17:00:00+00:00,INDIANA PACERS,90,BOSTON CELTICS,75
2004-04-25 19:30:00+00:00,LOS ANGELES LAKERS,92,HOUSTON ROCKETS,88
2004-04-25 23:00:00+00:00,NEW JERSEY NETS,100,NEW YORK KNICKS,94
2004-04-26 01:30:00+00:00,SAN ANTONIO SPURS,110,MEMPHIS GRIZZLIES,97
2004-04-26 23:00:00+00:00,DETROIT PISTONS,109,MILWAUKEE BUCKS,92
2004-04-27 01:30:00+00:00,SACRAMENTO KINGS,94,DALLAS MAVERICKS,92
2004-04-28 00:00:00+00:00,MIAMI HEAT,85,NEW ORLEANS HORNETS,96
2004-04-28 02:30:00+00:00,MINNESOTA TIMBERWOLVES,84,DENVER NUGGETS,82
2004-04-29 02:00:00+00:00,HOUSTON ROCKETS,78,LOS ANGELES LAKERS,97
2004-04-30 00:00:00+00:00,MILWAUKEE BUCKS,77,DETROIT PISTONS,91
2004-04-30 02:30:00+00:00,DALLAS MAVERICKS,118,SACRAMENTO KINGS,119
2004-04-30 23:00:00+00:00,NEW ORLEANS HORNETS,83,MIAMI HEAT,87
2004-05-01 01:30:00+00:00,DENVER NUGGETS,91,MINNESOTA TIMBERWOLVES,102
2004-05-02 17:00:00+00:00,MIAMI HEAT,83,NEW ORLEANS HORNETS,89
2004-05-02 19:30:00+00:00,LOS ANGELES LAKERS,78,SAN ANTONIO SPURS,88
2004-05-04 00:00:00+00:00,NEW JERSEY NETS,56,DETROIT PISTONS,78
2004-05-04 23:00:00+00:00,NEW ORLEANS HORNETS,77,MIAMI HEAT,85
2004-05-05 01:30:00+00:00,SACRAMENTO KINGS,104,MINNESOTA TIMBERWOLVES,98
2004-05-06 01:00:00+00:00,LOS ANGELES LAKERS,85,SAN ANTONIO SPURS,95
2004-05-07 01:00:00+00:00,MIAMI HEAT,81,INDIANA PACERS,94
2004-05-08 00:00:00+00:00,NEW JERSEY NETS,80,DETROIT PISTONS,95
2004-05-08 23:00:00+00:00,MIAMI HEAT,80,INDIANA PACERS,91
2004-05-09 01:30:00+00:00,SACRAMENTO KINGS,89,MINNESOTA TIMBERWOLVES,94
2004-05-09 19:30:00+00:00,SAN ANTONIO SPURS,81,LOS ANGELES LAKERS,105
2004-05-10 00:00:00+00:00,DETROIT PISTONS,64,NEW JERSEY NETS,82
2004-05-11 00:00:00+00:00,INDIANA PACERS,87,MIAMI HEAT,94
2004-05-11 02:30:00+00:00,MINNESOTA TIMBERWOLVES,114,SACRAMENTO KINGS,113
2004-05-12 00:00:00+00:00,DETROIT PISTONS,79,NEW JERSEY NETS,94
2004-05-12 02:30:00+00:00,SAN ANTONIO SPURS,90,LOS ANGELES LAKERS,98
2004-05-13 00:00:00+00:00,INDIANA PACERS,88,MIAMI HEAT,100
2004-05-13 02:30:00+00:00,MINNESOTA TIMBERWOLVES,81,SACRAMENTO KINGS,87
2004-05-14 00:00:00+00:00,LOS ANGELES LAKERS,74,SAN ANTONIO SPURS,73
2004-05-14 23:00:00+00:00,NEW JERSEY NETS,127,DETROIT PISTONS,120
2004-05-15 01:30:00+00:00,SACRAMENTO KINGS,74,MINNESOTA TIMBERWOLVES,86
2004-05-16 00:00:00+00:00,MIAMI HEAT,83,INDIANA PACERS,94
2004-05-16 02:30:00+00:00,SAN ANTONIO SPURS,76,LOS ANGELES LAKERS,88
2004-05-16 19:30:00+00:00,MINNESOTA TIMBERWOLVES,87,SACRAMENTO KINGS,104
2004-05-17 00:00:00+00:00,DETROIT PISTONS,81,NEW JERSEY NETS,75
2004-05-19 00:00:00+00:00,INDIANA PACERS,73,MIAMI HEAT,70
2004-05-20 00:30:00+00:00,SACRAMENTO KINGS,80,MINNESOTA TIMBERWOLVES,83
2004-05-21 00:00:00+00:00,NEW JERSEY NETS,69,DETROIT PISTONS,90
2004-05-22 01:00:00+00:00,LOS ANGELES LAKERS,97,MINNESOTA TIMBERWOLVES,88
2004-05-23 00:00:00+00:00,DETROIT PISTONS,74,INDIANA PACERS,78
2004-05-24 00:30:00+00:00,LOS ANGELES LAKERS,71,MINNESOTA TIMBERWOLVES,89
2004-05-25 00:00:00+00:00,DETROIT PISTONS,72,INDIANA PACERS,67
2004-05-26 01:00:00+00:00,MINNESOTA TIMBERWOLVES,89,LOS ANGELES LAKERS,100
2004-05-27 00:30:00+00:00,INDIANA PACERS,78,DETROIT PISTONS,85
2004-05-28 01:00:00+00:00,MINNESOTA TIMBERWOLVES,85,LOS ANGELES LAKERS,92
2004-05-29 00:00:00+00:00,INDIANA PACERS,83,DETROIT PISTONS,68
2004-05-30 00:30:00+00:00,LOS ANGELES LAKERS,96,MINNESOTA TIMBERWOLVES,98
2004-05-31 00:00:00+00:00,DETROIT PISTONS,83,INDIANA PACERS,65
2004-06-01 01:00:00+00:00,MINNESOTA TIMBERWOLVES,90,LOS ANGELES LAKERS,96
2004-06-02 00:00:00+00:00,INDIANA PACERS,65,DETROIT PISTONS,69
2004-06-07 01:00:00+00:00,DETROIT PISTONS,87,LOS ANGELES LAKERS,75
2004-06-09 01:00:00+00:00,DETROIT PISTONS,91,LOS ANGELES LAKERS,99
2004-06-11 01:00:00+00:00,LOS ANGELES LAKERS,68,DETROIT PISTONS,88
2004-06-14 01:00:00+00:00,LOS ANGELES LAKERS,80,DETROIT PISTONS,88
2004-06-16 01:00:00+00:00,LOS ANGELES LAKERS,87,DETROIT PISTONS,100
